[{"model": "admin.logentry", "pk": 1, "fields": {"action_time": "2021-06-24T10:04:27.775Z", "user": 1, "content_type": 7, "object_id": "1", "object_repr": "Season all star 6", "action_flag": 1, "change_message": "[{\"added\": {}}]"}}, {"model": "admin.logentry", "pk": 2, "fields": {"action_time": "2021-06-24T10:06:21.702Z", "user": 1, "content_type": 12, "object_id": "1", "object_repr": "Participant object (1)", "action_flag": 1, "change_message": "[{\"added\": {}}]"}}, {"model": "admin.logentry", "pk": 3, "fields": {"action_time": "2021-06-24T10:06:25.261Z", "user": 1, "content_type": 12, "object_id": "2", "object_repr": "Participant object (2)", "action_flag": 1, "change_message": "[{\"added\": {}}]"}}, {"model": "admin.logentry", "pk": 4, "fields": {"action_time": "2021-06-24T10:06:29.167Z", "user": 1, "content_type": 12, "object_id": "3", "object_repr": "Participant object (3)", "action_flag": 1, "change_message": "[{\"added\": {}}]"}}, {"model": "admin.logentry", "pk": 5, "fields": {"action_time": "2021-06-24T10:06:32.770Z", "user": 1, "content_type": 12, "object_id": "4", "object_repr": "Participant object (4)", "action_flag": 1, "change_message": "[{\"added\": {}}]"}}, {"model": "admin.logentry", "pk": 6, "fields": {"action_time": "2021-06-24T10:06:35.067Z", "user": 1, "content_type": 12, "object_id": "5", "object_repr": "Participant object (5)", "action_flag": 1, "change_message": "[{\"added\": {}}]"}}, {"model": "admin.logentry", "pk": 7, "fields": {"action_time": "2021-06-24T10:06:41.031Z", "user": 1, "content_type": 12, "object_id": "6", "object_repr": "Participant object (6)", "action_flag": 1, "change_message": "[{\"added\": {}}]"}}, {"model": "admin.logentry", "pk": 8, "fields": {"action_time": "2021-06-24T10:07:01.110Z", "user": 1, "content_type": 13, "object_id": "1", "object_repr": "Team Porkchop", "action_flag": 1, "change_message": "[{\"added\": {}}]"}}, {"model": "admin.logentry", "pk": 9, "fields": {"action_time": "2021-06-24T10:08:42.303Z", "user": 1, "content_type": 14, "object_id": "1", "object_repr": "Team Porkchop, Bo::A'keria C. Davenport", "action_flag": 1, "change_message": "[{\"added\": {}}]"}}, {"model": "admin.logentry", "pk": 10, "fields": {"action_time": "2021-06-24T10:08:57.211Z", "user": 1, "content_type": 14, "object_id": "2", "object_repr": "Team Porkchop, Chelsea::Eureka!", "action_flag": 1, "change_message": "[{\"added\": {}}]"}}, {"model": "admin.logentry", "pk": 11, "fields": {"action_time": "2021-06-24T10:09:03.959Z", "user": 1, "content_type": 14, "object_id": "3", "object_repr": "Team Porkchop, Kristen::Jan", "action_flag": 1, "change_message": "[{\"added\": {}}]"}}, {"model": "admin.logentry", "pk": 12, "fields": {"action_time": "2021-06-24T10:09:10.535Z", "user": 1, "content_type": 14, "object_id": "4", "object_repr": "Team Porkchop, Kirsten::Jiggly Caliente", "action_flag": 1, "change_message": "[{\"added\": {}}]"}}, {"model": "admin.logentry", "pk": 13, "fields": {"action_time": "2021-06-24T10:09:17.603Z", "user": 1, "content_type": 14, "object_id": "5", "object_repr": "Team Porkchop, Ata::Kylie Sonique Love", "action_flag": 1, "change_message": "[{\"added\": {}}]"}}, {"model": "admin.logentry", "pk": 14, "fields": {"action_time": "2021-06-24T10:09:26.870Z", "user": 1, "content_type": 14, "object_id": "6", "object_repr": "Team Porkchop, Katelyn::Pandora Boxx", "action_flag": 1, "change_message": "[{\"added\": {}}]"}}, {"model": "admin.logentry", "pk": 15, "fields": {"action_time": "2021-06-24T10:09:33.173Z", "user": 1, "content_type": 14, "object_id": "7", "object_repr": "Team Porkchop, Bo::Ra'Jah O'Hara", "action_flag": 1, "change_message": "[{\"added\": {}}]"}}, {"model": "admin.logentry", "pk": 16, "fields": {"action_time": "2021-06-24T10:09:39.432Z", "user": 1, "content_type": 14, "object_id": "8", "object_repr": "Team Porkchop, Chelsea::Scarlet Envy", "action_flag": 1, "change_message": "[{\"added\": {}}]"}}, {"model": "admin.logentry", "pk": 17, "fields": {"action_time": "2021-06-24T10:09:47.902Z", "user": 1, "content_type": 14, "object_id": "9", "object_repr": "Team Porkchop, Kristen::Serena ChaCha", "action_flag": 1, "change_message": "[{\"added\": {}}]"}}, {"model": "admin.logentry", "pk": 18, "fields": {"action_time": "2021-06-24T10:09:56.934Z", "user": 1, "content_type": 14, "object_id": "10", "object_repr": "Team Porkchop, Ata::Silky Nutmeg Ganache", "action_flag": 1, "change_message": "[{\"added\": {}}]"}}, {"model": "admin.logentry", "pk": 19, "fields": {"action_time": "2021-06-24T10:10:03.357Z", "user": 1, "content_type": 14, "object_id": "11", "object_repr": "Team Porkchop, Katelyn::Trinity K. Bonet", "action_flag": 1, "change_message": "[{\"added\": {}}]"}}, {"model": "admin.logentry", "pk": 20, "fields": {"action_time": "2021-06-24T10:10:39.507Z", "user": 1, "content_type": 8, "object_id": "1", "object_repr": "Season all star 6 episode #1", "action_flag": 1, "change_message": "[{\"added\": {}}]"}}, {"model": "admin.logentry", "pk": 21, "fields": {"action_time": "2021-06-24T10:10:43.979Z", "user": 1, "content_type": 8, "object_id": "2", "object_repr": "Season all star 6 episode #2", "action_flag": 1, "change_message": "[{\"added\": {}}]"}}, {"model": "admin.logentry", "pk": 22, "fields": {"action_time": "2021-06-24T10:10:47.817Z", "user": 1, "content_type": 8, "object_id": "3", "object_repr": "Season all star 6 episode #3", "action_flag": 1, "change_message": "[{\"added\": {}}]"}}, {"model": "admin.logentry", "pk": 23, "fields": {"action_time": "2021-06-24T10:10:51.433Z", "user": 1, "content_type": 8, "object_id": "4", "object_repr": "Season all star 6 episode #4", "action_flag": 1, "change_message": "[{\"added\": {}}]"}}, {"model": "admin.logentry", "pk": 24, "fields": {"action_time": "2021-06-24T10:10:55.018Z", "user": 1, "content_type": 8, "object_id": "5", "object_repr": "Season all star 6 episode #5", "action_flag": 1, "change_message": "[{\"added\": {}}]"}}, {"model": "admin.logentry", "pk": 25, "fields": {"action_time": "2021-06-24T10:10:58.996Z", "user": 1, "content_type": 8, "object_id": "6", "object_repr": "Season all star 6 episode #7", "action_flag": 1, "change_message": "[{\"added\": {}}]"}}, {"model": "admin.logentry", "pk": 26, "fields": {"action_time": "2021-06-24T10:11:02.550Z", "user": 1, "content_type": 8, "object_id": "7", "object_repr": "Season all star 6 episode #8", "action_flag": 1, "change_message": "[{\"added\": {}}]"}}, {"model": "admin.logentry", "pk": 27, "fields": {"action_time": "2021-06-24T10:11:06.851Z", "user": 1, "content_type": 8, "object_id": "8", "object_repr": "Season all star 6 episode #9", "action_flag": 1, "change_message": "[{\"added\": {}}]"}}, {"model": "admin.logentry", "pk": 28, "fields": {"action_time": "2021-06-24T10:11:12.981Z", "user": 1, "content_type": 8, "object_id": "9", "object_repr": "Season all star 6 episode #10", "action_flag": 1, "change_message": "[{\"added\": {}}]"}}, {"model": "admin.logentry", "pk": 29, "fields": {"action_time": "2021-06-24T10:11:16.506Z", "user": 1, "content_type": 8, "object_id": "10", "object_repr": "Season all star 6 episode #11", "action_flag": 1, "change_message": "[{\"added\": {}}]"}}, {"model": "admin.logentry", "pk": 30, "fields": {"action_time": "2021-06-24T10:11:20.283Z", "user": 1, "content_type": 8, "object_id": "11", "object_repr": "Season all star 6 episode #12", "action_flag": 1, "change_message": "[{\"added\": {}}]"}}, {"model": "admin.logentry", "pk": 31, "fields": {"action_time": "2021-06-24T10:12:03.521Z", "user": 1, "content_type": 11, "object_id": "1", "object_repr": "A'keria C. Davenport: Season all star 6 episode #1 // Season all star 6, \"Safe is a Dirty Word\": (3 points) Queen is safe in main challenge", "action_flag": 1, "change_message": "[{\"added\": {}}]"}}, {"model": "admin.logentry", "pk": 32, "fields": {"action_time": "2021-06-24T10:12:36.685Z", "user": 1, "content_type": 11, "object_id": "2", "object_repr": "Eureka!: Season all star 6 episode #1 // Season all star 6, \"You're a Winner, Baby!\": (5 points) Queen wins the main challenge", "action_flag": 1, "change_message": "[{\"added\": {}}]"}}, {"model": "admin.logentry", "pk": 33, "fields": {"action_time": "2021-06-24T10:12:45.910Z", "user": 1, "content_type": 11, "object_id": "3", "object_repr": "Ginger Minj: Season all star 6 episode #1 // Season all star 6, \"Mini Challenge\": (2 points) Queen wins a mini challenge", "action_flag": 1, "change_message": "[{\"added\": {}}]"}}, {"model": "admin.logentry", "pk": 34, "fields": {"action_time": "2021-06-24T10:13:14.833Z", "user": 1, "content_type": 10, "object_id": "13", "object_repr": "Season all star 6, \"Season Runner Up\": (12 points) Queen is the runner up for the crown!", "action_flag": 2, "change_message": "[{\"changed\": {\"fields\": [\"Name\", \"Description\"]}}]"}}, {"model": "admin.logentry", "pk": 35, "fields": {"action_time": "2021-06-24T10:13:32.676Z", "user": 1, "content_type": 10, "object_id": "12", "object_repr": "Season all star 6, \"Season Top 3\": (9 points) Queen made it to top 3 of the season", "action_flag": 2, "change_message": "[{\"changed\": {\"fields\": [\"Name\", \"Description\"]}}]"}}, {"model": "admin.logentry", "pk": 36, "fields": {"action_time": "2021-06-24T10:13:42.351Z", "user": 1, "content_type": 10, "object_id": "11", "object_repr": "Season all star 6, \"Season Top 4\": (7 points) Queen made it to top 4 of the season", "action_flag": 2, "change_message": "[{\"changed\": {\"fields\": [\"Name\", \"Description\"]}}]"}}, {"model": "admin.logentry", "pk": 37, "fields": {"action_time": "2021-06-24T10:13:51.346Z", "user": 1, "content_type": 10, "object_id": "10", "object_repr": "Season all star 6, \"Season Top 5\": (5 points) Queen made it to top 5 of the season", "action_flag": 2, "change_message": "[{\"changed\": {\"fields\": [\"Name\", \"Description\"]}}]"}}, {"model": "admin.logentry", "pk": 38, "fields": {"action_time": "2021-06-24T10:15:14.169Z", "user": 1, "content_type": 10, "object_id": "14", "object_repr": "Season all star 6, \"Main Challenge Runner Up\": (3 points) Queen is a runner up for the main challenge (not safe, but not in danger of LSFYL)", "action_flag": 1, "change_message": "[{\"added\": {}}]"}}, {"model": "admin.logentry", "pk": 39, "fields": {"action_time": "2021-06-24T10:34:14.733Z", "user": 1, "content_type": 12, "object_id": "1", "object_repr": "Bo", "action_flag": 2, "change_message": "[{\"changed\": {\"fields\": [\"User\"]}}]"}}, {"model": "admin.logentry", "pk": 40, "fields": {"action_time": "2021-06-24T11:20:07.152Z", "user": 1, "content_type": 11, "object_id": "4", "object_repr": "Jan: Drag Race All Stars 6 episode #1 // Drag Race All Stars 6, \"Shantay You Stay\": (2 points) Queen lip syncs but stays", "action_flag": 1, "change_message": "[{\"added\": {}}]"}}, {"model": "admin.logentry", "pk": 41, "fields": {"action_time": "2021-06-24T11:20:14.854Z", "user": 1, "content_type": 11, "object_id": "5", "object_repr": "Jiggly Caliente: Drag Race All Stars 6 episode #1 // Drag Race All Stars 6, \"Safe is a Dirty Word\": (3 points) Queen is safe in main challenge", "action_flag": 1, "change_message": "[{\"added\": {}}]"}}, {"model": "admin.logentry", "pk": 42, "fields": {"action_time": "2021-06-24T11:20:27.593Z", "user": 1, "content_type": 11, "object_id": "6", "object_repr": "Kylie Sonique Love: Drag Race All Stars 6 episode #1 // Drag Race All Stars 6, \"Sashay Away\": (-1 points) Queen lip syncs and is eliminated", "action_flag": 1, "change_message": "[{\"added\": {}}]"}}, {"model": "admin.logentry", "pk": 43, "fields": {"action_time": "2021-06-24T11:20:36.475Z", "user": 1, "content_type": 11, "object_id": "7", "object_repr": "Pandora Boxx: Drag Race All Stars 6 episode #1 // Drag Race All Stars 6, \"Safe is a Dirty Word\": (3 points) Queen is safe in main challenge", "action_flag": 1, "change_message": "[{\"added\": {}}]"}}, {"model": "admin.logentry", "pk": 44, "fields": {"action_time": "2021-06-24T11:20:46.544Z", "user": 1, "content_type": 11, "object_id": "8", "object_repr": "Pandora Boxx: Drag Race All Stars 6 episode #1 // Drag Race All Stars 6, \"Mini Challenge\": (2 points) Queen wins a mini challenge", "action_flag": 1, "change_message": "[{\"added\": {}}]"}}, {"model": "admin.logentry", "pk": 45, "fields": {"action_time": "2021-06-24T11:20:55.335Z", "user": 1, "content_type": 11, "object_id": "9", "object_repr": "Ra'Jah O'Hara: Drag Race All Stars 6 episode #1 // Drag Race All Stars 6, \"Safe is a Dirty Word\": (3 points) Queen is safe in main challenge", "action_flag": 1, "change_message": "[{\"added\": {}}]"}}, {"model": "admin.logentry", "pk": 46, "fields": {"action_time": "2021-06-24T11:21:08.401Z", "user": 1, "content_type": 11, "object_id": "10", "object_repr": "Scarlet Envy: Drag Race All Stars 6 episode #1 // Drag Race All Stars 6, \"Safe is a Dirty Word\": (3 points) Queen is safe in main challenge", "action_flag": 1, "change_message": "[{\"added\": {}}]"}}, {"model": "admin.logentry", "pk": 47, "fields": {"action_time": "2021-06-24T11:21:18.828Z", "user": 1, "content_type": 11, "object_id": "11", "object_repr": "Silky Nutmeg Ganache: Drag Race All Stars 6 episode #1 // Drag Race All Stars 6, \"Safe is a Dirty Word\": (3 points) Queen is safe in main challenge", "action_flag": 1, "change_message": "[{\"added\": {}}]"}}, {"model": "admin.logentry", "pk": 48, "fields": {"action_time": "2021-06-24T11:21:30.001Z", "user": 1, "content_type": 11, "object_id": "12", "object_repr": "Trinity K. Bonet: Drag Race All Stars 6 episode #1 // Drag Race All Stars 6, \"Main Challenge Runner Up\": (3 points) Queen is a runner up for the main challenge (not safe, but not in danger of LSFYL)", "action_flag": 1, "change_message": "[{\"added\": {}}]"}}, {"model": "admin.logentry", "pk": 49, "fields": {"action_time": "2021-06-24T11:21:40.833Z", "user": 1, "content_type": 11, "object_id": "13", "object_repr": "Yara Sofia: Drag Race All Stars 6 episode #1 // Drag Race All Stars 6, \"Main Challenge Runner Up\": (3 points) Queen is a runner up for the main challenge (not safe, but not in danger of LSFYL)", "action_flag": 1, "change_message": "[{\"added\": {}}]"}}, {"model": "admin.logentry", "pk": 50, "fields": {"action_time": "2021-06-24T11:21:55.656Z", "user": 1, "content_type": 11, "object_id": "14", "object_repr": "Yara Sofia: Drag Race All Stars 6 episode #1 // Drag Race All Stars 6, \"Safe is a Dirty Word\": (3 points) Queen is safe in main challenge", "action_flag": 1, "change_message": "[{\"added\": {}}]"}}, {"model": "admin.logentry", "pk": 51, "fields": {"action_time": "2021-06-24T12:37:14.506Z", "user": 1, "content_type": 11, "object_id": "15", "object_repr": "Serena ChaCha: Drag Race All Stars 6 episode #1 // Drag Race All Stars 6, \"Mini Challenge\": (2 points) Queen wins a mini challenge", "action_flag": 1, "change_message": "[{\"added\": {}}]"}}, {"model": "admin.logentry", "pk": 52, "fields": {"action_time": "2021-06-24T12:39:36.423Z", "user": 1, "content_type": 11, "object_id": "16", "object_repr": "A'keria C. Davenport: Drag Race All Stars 6 episode #2 // Drag Race All Stars 6, \"Shantay You Stay\": (2 points) Queen lip syncs but stays", "action_flag": 1, "change_message": "[{\"added\": {}}]"}}, {"model": "admin.logentry", "pk": 53, "fields": {"action_time": "2021-06-24T12:39:47.285Z", "user": 1, "content_type": 11, "object_id": "17", "object_repr": "Eureka!: Drag Race All Stars 6 episode #2 // Drag Race All Stars 6, \"You're a Winner, Baby!\": (5 points) Queen wins the main challenge", "action_flag": 1, "change_message": "[{\"added\": {}}]"}}, {"model": "admin.logentry", "pk": 54, "fields": {"action_time": "2021-06-24T12:41:36.157Z", "user": 1, "content_type": 14, "object_id": "11", "object_repr": "Team Porkchop, Katelyn::Trinity K. Bonet", "action_flag": 3, "change_message": ""}}, {"model": "admin.logentry", "pk": 55, "fields": {"action_time": "2021-06-24T12:41:36.162Z", "user": 1, "content_type": 14, "object_id": "10", "object_repr": "Team Porkchop, Ata::Silky Nutmeg Ganache", "action_flag": 3, "change_message": ""}}, {"model": "admin.logentry", "pk": 56, "fields": {"action_time": "2021-06-24T12:41:36.166Z", "user": 1, "content_type": 14, "object_id": "9", "object_repr": "Team Porkchop, Kristen::Serena ChaCha", "action_flag": 3, "change_message": ""}}, {"model": "admin.logentry", "pk": 57, "fields": {"action_time": "2021-06-24T12:41:36.170Z", "user": 1, "content_type": 14, "object_id": "8", "object_repr": "Team Porkchop, Chelsea::Scarlet Envy", "action_flag": 3, "change_message": ""}}, {"model": "admin.logentry", "pk": 58, "fields": {"action_time": "2021-06-24T12:41:36.174Z", "user": 1, "content_type": 14, "object_id": "7", "object_repr": "Team Porkchop, Bo::Ra'Jah O'Hara", "action_flag": 3, "change_message": ""}}, {"model": "admin.logentry", "pk": 59, "fields": {"action_time": "2021-06-24T12:41:36.178Z", "user": 1, "content_type": 14, "object_id": "6", "object_repr": "Team Porkchop, Katelyn::Pandora Boxx", "action_flag": 3, "change_message": ""}}, {"model": "admin.logentry", "pk": 60, "fields": {"action_time": "2021-06-24T12:41:36.182Z", "user": 1, "content_type": 14, "object_id": "5", "object_repr": "Team Porkchop, Ata::Kylie Sonique Love", "action_flag": 3, "change_message": ""}}, {"model": "admin.logentry", "pk": 61, "fields": {"action_time": "2021-06-24T12:41:36.187Z", "user": 1, "content_type": 14, "object_id": "4", "object_repr": "Team Porkchop, Kirsten::Jiggly Caliente", "action_flag": 3, "change_message": ""}}, {"model": "admin.logentry", "pk": 62, "fields": {"action_time": "2021-06-24T12:41:36.190Z", "user": 1, "content_type": 14, "object_id": "3", "object_repr": "Team Porkchop, Kristen::Jan", "action_flag": 3, "change_message": ""}}, {"model": "admin.logentry", "pk": 63, "fields": {"action_time": "2021-06-24T12:41:36.194Z", "user": 1, "content_type": 14, "object_id": "2", "object_repr": "Team Porkchop, Chelsea::Eureka!", "action_flag": 3, "change_message": ""}}, {"model": "admin.logentry", "pk": 64, "fields": {"action_time": "2021-06-24T12:41:36.198Z", "user": 1, "content_type": 14, "object_id": "1", "object_repr": "Team Porkchop, Bo::A'keria C. Davenport", "action_flag": 3, "change_message": ""}}, {"model": "admin.logentry", "pk": 65, "fields": {"action_time": "2021-06-24T12:45:02.790Z", "user": 1, "content_type": 13, "object_id": "1", "object_repr": "Team Porkchop", "action_flag": 2, "change_message": "[{\"changed\": {\"fields\": [\"Queen draft allowance\"]}}]"}}, {"model": "admin.logentry", "pk": 66, "fields": {"action_time": "2021-06-24T13:04:53.435Z", "user": 1, "content_type": 14, "object_id": "32", "object_repr": "Team Porkchop, Kristen::Scarlet Envy", "action_flag": 3, "change_message": ""}}, {"model": "admin.logentry", "pk": 67, "fields": {"action_time": "2021-06-24T13:04:53.439Z", "user": 1, "content_type": 14, "object_id": "31", "object_repr": "Team Porkchop, Chelsea::Scarlet Envy", "action_flag": 3, "change_message": ""}}, {"model": "admin.logentry", "pk": 68, "fields": {"action_time": "2021-06-24T13:04:53.442Z", "user": 1, "content_type": 14, "object_id": "30", "object_repr": "Team Porkchop, Bo::Yara Sofia", "action_flag": 3, "change_message": ""}}, {"model": "admin.logentry", "pk": 69, "fields": {"action_time": "2021-06-24T13:04:53.445Z", "user": 1, "content_type": 14, "object_id": "29", "object_repr": "Team Porkchop, Katelyn::Kylie Sonique Love", "action_flag": 3, "change_message": ""}}, {"model": "admin.logentry", "pk": 70, "fields": {"action_time": "2021-06-24T13:04:53.448Z", "user": 1, "content_type": 14, "object_id": "28", "object_repr": "Team Porkchop, Ata::A'keria C. Davenport", "action_flag": 3, "change_message": ""}}, {"model": "admin.logentry", "pk": 71, "fields": {"action_time": "2021-06-24T13:04:53.452Z", "user": 1, "content_type": 14, "object_id": "27", "object_repr": "Team Porkchop, Kirsten::Ra'Jah O'Hara", "action_flag": 3, "change_message": ""}}, {"model": "admin.logentry", "pk": 72, "fields": {"action_time": "2021-06-24T13:04:53.455Z", "user": 1, "content_type": 14, "object_id": "26", "object_repr": "Team Porkchop, Kristen::Trinity K. Bonet", "action_flag": 3, "change_message": ""}}, {"model": "admin.logentry", "pk": 73, "fields": {"action_time": "2021-06-24T13:04:53.458Z", "user": 1, "content_type": 14, "object_id": "25", "object_repr": "Team Porkchop, Chelsea::Yara Sofia", "action_flag": 3, "change_message": ""}}, {"model": "admin.logentry", "pk": 74, "fields": {"action_time": "2021-06-24T13:04:53.461Z", "user": 1, "content_type": 14, "object_id": "24", "object_repr": "Team Porkchop, Bo::Silky Nutmeg Ganache", "action_flag": 3, "change_message": ""}}, {"model": "admin.logentry", "pk": 75, "fields": {"action_time": "2021-06-24T13:04:53.464Z", "user": 1, "content_type": 14, "object_id": "23", "object_repr": "Team Porkchop, Katelyn::Jan", "action_flag": 3, "change_message": ""}}, {"model": "admin.logentry", "pk": 76, "fields": {"action_time": "2021-06-24T13:04:53.467Z", "user": 1, "content_type": 14, "object_id": "22", "object_repr": "Team Porkchop, Ata::Pandora Boxx", "action_flag": 3, "change_message": ""}}, {"model": "admin.logentry", "pk": 77, "fields": {"action_time": "2021-06-24T13:04:53.471Z", "user": 1, "content_type": 14, "object_id": "21", "object_repr": "Team Porkchop, Kirsten::Pandora Boxx", "action_flag": 3, "change_message": ""}}, {"model": "admin.logentry", "pk": 78, "fields": {"action_time": "2021-06-24T13:04:53.474Z", "user": 1, "content_type": 14, "object_id": "20", "object_repr": "Team Porkchop, Kristen::A'keria C. Davenport", "action_flag": 3, "change_message": ""}}, {"model": "admin.logentry", "pk": 79, "fields": {"action_time": "2021-06-24T13:04:53.476Z", "user": 1, "content_type": 14, "object_id": "19", "object_repr": "Team Porkchop, Chelsea::Eureka!", "action_flag": 3, "change_message": ""}}, {"model": "admin.logentry", "pk": 80, "fields": {"action_time": "2021-06-24T13:04:53.479Z", "user": 1, "content_type": 14, "object_id": "18", "object_repr": "Team Porkchop, Bo::Jiggly Caliente", "action_flag": 3, "change_message": ""}}, {"model": "admin.logentry", "pk": 81, "fields": {"action_time": "2021-06-24T13:04:53.483Z", "user": 1, "content_type": 14, "object_id": "17", "object_repr": "Team Porkchop, Katelyn::Jiggly Caliente", "action_flag": 3, "change_message": ""}}, {"model": "admin.logentry", "pk": 82, "fields": {"action_time": "2021-06-24T13:04:53.486Z", "user": 1, "content_type": 14, "object_id": "16", "object_repr": "Team Porkchop, Ata::Jan", "action_flag": 3, "change_message": ""}}, {"model": "admin.logentry", "pk": 83, "fields": {"action_time": "2021-06-24T13:04:53.490Z", "user": 1, "content_type": 14, "object_id": "15", "object_repr": "Team Porkchop, Kirsten::Eureka!", "action_flag": 3, "change_message": ""}}, {"model": "admin.logentry", "pk": 84, "fields": {"action_time": "2021-06-24T13:04:53.493Z", "user": 1, "content_type": 14, "object_id": "14", "object_repr": "Team Porkchop, Chelsea::Trinity K. Bonet", "action_flag": 3, "change_message": ""}}, {"model": "admin.logentry", "pk": 85, "fields": {"action_time": "2021-06-24T13:04:53.497Z", "user": 1, "content_type": 14, "object_id": "13", "object_repr": "Team Porkchop, Kristen::Ginger Minj", "action_flag": 3, "change_message": ""}}, {"model": "admin.logentry", "pk": 86, "fields": {"action_time": "2021-06-24T13:04:53.501Z", "user": 1, "content_type": 14, "object_id": "12", "object_repr": "Team Porkchop, Bo::Ginger Minj", "action_flag": 3, "change_message": ""}}, {"model": "admin.logentry", "pk": 87, "fields": {"action_time": "2021-06-24T16:06:48.999Z", "user": 1, "content_type": 14, "object_id": "37", "object_repr": "Team Porkchop, Kirsten::Pandora Boxx", "action_flag": 3, "change_message": ""}}, {"model": "admin.logentry", "pk": 88, "fields": {"action_time": "2021-06-24T16:06:49.005Z", "user": 1, "content_type": 14, "object_id": "36", "object_repr": "Team Porkchop, Bo::Pandora Boxx", "action_flag": 3, "change_message": ""}}, {"model": "admin.logentry", "pk": 89, "fields": {"action_time": "2021-06-24T16:06:49.007Z", "user": 1, "content_type": 14, "object_id": "35", "object_repr": "Team Porkchop, Kristen::Trinity K. Bonet", "action_flag": 3, "change_message": ""}}, {"model": "admin.logentry", "pk": 90, "fields": {"action_time": "2021-06-24T16:06:49.011Z", "user": 1, "content_type": 14, "object_id": "34", "object_repr": "Team Porkchop, Chelsea::Ra'Jah O'Hara", "action_flag": 3, "change_message": ""}}, {"model": "admin.logentry", "pk": 91, "fields": {"action_time": "2021-06-24T16:06:49.014Z", "user": 1, "content_type": 14, "object_id": "33", "object_repr": "Team Porkchop, Bo::Eureka!", "action_flag": 3, "change_message": ""}}, {"model": "admin.logentry", "pk": 92, "fields": {"action_time": "2021-06-24T16:12:04.968Z", "user": 1, "content_type": 13, "object_id": "1", "object_repr": "Team Porkchop", "action_flag": 2, "change_message": "[{\"changed\": {\"fields\": [\"Status\"]}}]"}}, {"model": "admin.logentry", "pk": 93, "fields": {"action_time": "2021-06-24T16:54:48.255Z", "user": 1, "content_type": 13, "object_id": "1", "object_repr": "Team Porkchop", "action_flag": 2, "change_message": "[{\"changed\": {\"fields\": [\"Status\"]}}]"}}, {"model": "admin.logentry", "pk": 94, "fields": {"action_time": "2021-06-24T16:55:31.660Z", "user": 1, "content_type": 13, "object_id": "1", "object_repr": "Team Porkchop", "action_flag": 2, "change_message": "[{\"changed\": {\"fields\": [\"Status\"]}}]"}}, {"model": "admin.logentry", "pk": 95, "fields": {"action_time": "2021-06-24T17:08:14.062Z", "user": 1, "content_type": 13, "object_id": "1", "object_repr": "Team Porkchop", "action_flag": 2, "change_message": "[{\"changed\": {\"fields\": [\"Status\"]}}]"}}, {"model": "admin.logentry", "pk": 96, "fields": {"action_time": "2021-06-24T17:12:00.816Z", "user": 1, "content_type": 13, "object_id": "1", "object_repr": "Team Porkchop", "action_flag": 2, "change_message": "[{\"changed\": {\"fields\": [\"Status\"]}}]"}}, {"model": "admin.logentry", "pk": 97, "fields": {"action_time": "2021-06-24T17:20:50.798Z", "user": 1, "content_type": 14, "object_id": "84", "object_repr": "Team Porkchop, Ata::A'keria C. Davenport", "action_flag": 3, "change_message": ""}}, {"model": "admin.logentry", "pk": 98, "fields": {"action_time": "2021-06-24T17:20:50.803Z", "user": 1, "content_type": 14, "object_id": "83", "object_repr": "Team Porkchop, Ata::A'keria C. Davenport", "action_flag": 3, "change_message": ""}}, {"model": "admin.logentry", "pk": 99, "fields": {"action_time": "2021-06-24T17:20:50.807Z", "user": 1, "content_type": 14, "object_id": "82", "object_repr": "Team Porkchop, Ata::A'keria C. Davenport", "action_flag": 3, "change_message": ""}}, {"model": "admin.logentry", "pk": 100, "fields": {"action_time": "2021-06-24T17:20:50.810Z", "user": 1, "content_type": 14, "object_id": "81", "object_repr": "Team Porkchop, Ata::A'keria C. Davenport", "action_flag": 3, "change_message": ""}}, {"model": "admin.logentry", "pk": 101, "fields": {"action_time": "2021-06-24T17:20:50.814Z", "user": 1, "content_type": 14, "object_id": "80", "object_repr": "Team Porkchop, Ata::A'keria C. Davenport", "action_flag": 3, "change_message": ""}}, {"model": "admin.logentry", "pk": 102, "fields": {"action_time": "2021-06-24T17:20:50.818Z", "user": 1, "content_type": 14, "object_id": "79", "object_repr": "Team Porkchop, Ata::A'keria C. Davenport", "action_flag": 3, "change_message": ""}}, {"model": "admin.logentry", "pk": 103, "fields": {"action_time": "2021-06-24T17:28:08.568Z", "user": 1, "content_type": 14, "object_id": "94", "object_repr": "Team Porkchop, Kristen::A'keria C. Davenport", "action_flag": 3, "change_message": ""}}, {"model": "admin.logentry", "pk": 104, "fields": {"action_time": "2021-06-24T17:28:08.574Z", "user": 1, "content_type": 14, "object_id": "93", "object_repr": "Team Porkchop, Kristen::Yara Sofia", "action_flag": 3, "change_message": ""}}, {"model": "admin.logentry", "pk": 105, "fields": {"action_time": "2021-06-24T17:28:08.577Z", "user": 1, "content_type": 14, "object_id": "92", "object_repr": "Team Porkchop, Kristen::Jan", "action_flag": 3, "change_message": ""}}, {"model": "admin.logentry", "pk": 106, "fields": {"action_time": "2021-06-24T17:28:08.580Z", "user": 1, "content_type": 14, "object_id": "91", "object_repr": "Team Porkchop, Chelsea::Jan", "action_flag": 3, "change_message": ""}}, {"model": "admin.logentry", "pk": 107, "fields": {"action_time": "2021-06-24T17:28:08.584Z", "user": 1, "content_type": 14, "object_id": "90", "object_repr": "Team Porkchop, Chelsea::Eureka!", "action_flag": 3, "change_message": ""}}, {"model": "admin.logentry", "pk": 108, "fields": {"action_time": "2021-06-24T17:28:08.587Z", "user": 1, "content_type": 14, "object_id": "89", "object_repr": "Team Porkchop, Kirsten::Ginger Minj", "action_flag": 3, "change_message": ""}}, {"model": "admin.logentry", "pk": 109, "fields": {"action_time": "2021-06-24T17:28:08.590Z", "user": 1, "content_type": 14, "object_id": "88", "object_repr": "Team Porkchop, Kirsten::Pandora Boxx", "action_flag": 3, "change_message": ""}}, {"model": "admin.logentry", "pk": 110, "fields": {"action_time": "2021-06-24T17:28:08.594Z", "user": 1, "content_type": 14, "object_id": "87", "object_repr": "Team Porkchop, Bo::Kylie Sonique Love", "action_flag": 3, "change_message": ""}}, {"model": "admin.logentry", "pk": 111, "fields": {"action_time": "2021-06-24T17:28:08.597Z", "user": 1, "content_type": 14, "object_id": "86", "object_repr": "Team Porkchop, Katelyn::A'keria C. Davenport", "action_flag": 3, "change_message": ""}}, {"model": "admin.logentry", "pk": 112, "fields": {"action_time": "2021-06-24T17:28:08.600Z", "user": 1, "content_type": 14, "object_id": "85", "object_repr": "Team Porkchop, Ata::Eureka!", "action_flag": 3, "change_message": ""}}, {"model": "admin.logentry", "pk": 113, "fields": {"action_time": "2021-06-24T17:28:16.479Z", "user": 1, "content_type": 13, "object_id": "1", "object_repr": "Team Porkchop", "action_flag": 2, "change_message": "[{\"changed\": {\"fields\": [\"Status\"]}}]"}}, {"model": "admin.logentry", "pk": 114, "fields": {"action_time": "2021-06-24T17:37:58.675Z", "user": 1, "content_type": 13, "object_id": "1", "object_repr": "Team Porkchop", "action_flag": 2, "change_message": "[{\"changed\": {\"fields\": [\"Draft data\"]}}]"}}, {"model": "admin.logentry", "pk": 115, "fields": {"action_time": "2021-06-24T17:40:34.209Z", "user": 1, "content_type": 14, "object_id": "119", "object_repr": "Team Porkchop, Kirsten::Silky Nutmeg Ganache", "action_flag": 3, "change_message": ""}}, {"model": "admin.logentry", "pk": 116, "fields": {"action_time": "2021-06-24T17:40:34.214Z", "user": 1, "content_type": 14, "object_id": "118", "object_repr": "Team Porkchop, Ata::Yara Sofia", "action_flag": 3, "change_message": ""}}, {"model": "admin.logentry", "pk": 117, "fields": {"action_time": "2021-06-24T17:40:34.216Z", "user": 1, "content_type": 14, "object_id": "117", "object_repr": "Team Porkchop, Katelyn::Yara Sofia", "action_flag": 3, "change_message": ""}}, {"model": "admin.logentry", "pk": 118, "fields": {"action_time": "2021-06-24T17:40:34.220Z", "user": 1, "content_type": 14, "object_id": "116", "object_repr": "Team Porkchop, Chelsea::Trinity K. Bonet", "action_flag": 3, "change_message": ""}}, {"model": "admin.logentry", "pk": 119, "fields": {"action_time": "2021-06-24T17:40:34.223Z", "user": 1, "content_type": 14, "object_id": "115", "object_repr": "Team Porkchop, Bo::Pandora Boxx", "action_flag": 3, "change_message": ""}}, {"model": "admin.logentry", "pk": 120, "fields": {"action_time": "2021-06-24T17:40:34.227Z", "user": 1, "content_type": 14, "object_id": "114", "object_repr": "Team Porkchop, Kristen::Trinity K. Bonet", "action_flag": 3, "change_message": ""}}, {"model": "admin.logentry", "pk": 121, "fields": {"action_time": "2021-06-24T17:40:34.231Z", "user": 1, "content_type": 14, "object_id": "113", "object_repr": "Team Porkchop, Kirsten::Scarlet Envy", "action_flag": 3, "change_message": ""}}, {"model": "admin.logentry", "pk": 122, "fields": {"action_time": "2021-06-24T17:40:34.233Z", "user": 1, "content_type": 14, "object_id": "112", "object_repr": "Team Porkchop, Ata::Scarlet Envy", "action_flag": 3, "change_message": ""}}, {"model": "admin.logentry", "pk": 123, "fields": {"action_time": "2021-06-24T17:40:34.237Z", "user": 1, "content_type": 14, "object_id": "111", "object_repr": "Team Porkchop, Katelyn::Pandora Boxx", "action_flag": 3, "change_message": ""}}, {"model": "admin.logentry", "pk": 124, "fields": {"action_time": "2021-06-24T17:40:34.241Z", "user": 1, "content_type": 14, "object_id": "110", "object_repr": "Team Porkchop, Chelsea::Kylie Sonique Love", "action_flag": 3, "change_message": ""}}, {"model": "admin.logentry", "pk": 125, "fields": {"action_time": "2021-06-24T17:40:34.244Z", "user": 1, "content_type": 14, "object_id": "109", "object_repr": "Team Porkchop, Bo::Jan", "action_flag": 3, "change_message": ""}}, {"model": "admin.logentry", "pk": 126, "fields": {"action_time": "2021-06-24T17:40:34.247Z", "user": 1, "content_type": 14, "object_id": "108", "object_repr": "Team Porkchop, Kristen::Serena ChaCha", "action_flag": 3, "change_message": ""}}, {"model": "admin.logentry", "pk": 127, "fields": {"action_time": "2021-06-24T17:40:34.250Z", "user": 1, "content_type": 14, "object_id": "107", "object_repr": "Team Porkchop, Kirsten::Serena ChaCha", "action_flag": 3, "change_message": ""}}, {"model": "admin.logentry", "pk": 128, "fields": {"action_time": "2021-06-24T17:40:34.254Z", "user": 1, "content_type": 14, "object_id": "106", "object_repr": "Team Porkchop, Ata::Ra'Jah O'Hara", "action_flag": 3, "change_message": ""}}, {"model": "admin.logentry", "pk": 129, "fields": {"action_time": "2021-06-24T17:40:34.258Z", "user": 1, "content_type": 14, "object_id": "105", "object_repr": "Team Porkchop, Katelyn::Jan", "action_flag": 3, "change_message": ""}}, {"model": "admin.logentry", "pk": 130, "fields": {"action_time": "2021-06-24T17:40:34.262Z", "user": 1, "content_type": 14, "object_id": "104", "object_repr": "Team Porkchop, Katelyn::Ra'Jah O'Hara", "action_flag": 3, "change_message": ""}}, {"model": "admin.logentry", "pk": 131, "fields": {"action_time": "2021-06-24T17:40:34.264Z", "user": 1, "content_type": 14, "object_id": "103", "object_repr": "Team Porkchop, Chelsea::Kylie Sonique Love", "action_flag": 3, "change_message": ""}}, {"model": "admin.logentry", "pk": 132, "fields": {"action_time": "2021-06-24T17:40:34.267Z", "user": 1, "content_type": 14, "object_id": "102", "object_repr": "Team Porkchop, Bo::A'keria C. Davenport", "action_flag": 3, "change_message": ""}}, {"model": "admin.logentry", "pk": 133, "fields": {"action_time": "2021-06-24T17:40:34.270Z", "user": 1, "content_type": 14, "object_id": "101", "object_repr": "Team Porkchop, Kristen::Jiggly Caliente", "action_flag": 3, "change_message": ""}}, {"model": "admin.logentry", "pk": 134, "fields": {"action_time": "2021-06-24T17:40:34.275Z", "user": 1, "content_type": 14, "object_id": "100", "object_repr": "Team Porkchop, Kirsten::A'keria C. Davenport", "action_flag": 3, "change_message": ""}}, {"model": "admin.logentry", "pk": 135, "fields": {"action_time": "2021-06-24T17:40:34.278Z", "user": 1, "content_type": 14, "object_id": "99", "object_repr": "Team Porkchop, Kirsten::Ginger Minj", "action_flag": 3, "change_message": ""}}, {"model": "admin.logentry", "pk": 136, "fields": {"action_time": "2021-06-24T17:40:34.281Z", "user": 1, "content_type": 14, "object_id": "98", "object_repr": "Team Porkchop, Ata::Jiggly Caliente", "action_flag": 3, "change_message": ""}}, {"model": "admin.logentry", "pk": 137, "fields": {"action_time": "2021-06-24T17:40:34.284Z", "user": 1, "content_type": 14, "object_id": "97", "object_repr": "Team Porkchop, Katelyn::Ginger Minj", "action_flag": 3, "change_message": ""}}, {"model": "admin.logentry", "pk": 138, "fields": {"action_time": "2021-06-24T17:40:34.288Z", "user": 1, "content_type": 14, "object_id": "96", "object_repr": "Team Porkchop, Chelsea::Eureka!", "action_flag": 3, "change_message": ""}}, {"model": "admin.logentry", "pk": 139, "fields": {"action_time": "2021-06-24T17:40:34.291Z", "user": 1, "content_type": 14, "object_id": "95", "object_repr": "Team Porkchop, Bo::Eureka!", "action_flag": 3, "change_message": ""}}, {"model": "admin.logentry", "pk": 140, "fields": {"action_time": "2021-06-24T17:41:05.935Z", "user": 1, "content_type": 13, "object_id": "1", "object_repr": "Team Porkchop", "action_flag": 2, "change_message": "[{\"changed\": {\"fields\": [\"Status\"]}}]"}}, {"model": "admin.logentry", "pk": 141, "fields": {"action_time": "2021-06-24T18:42:16.767Z", "user": 1, "content_type": 13, "object_id": "1", "object_repr": "Team Porkchop", "action_flag": 2, "change_message": "[{\"changed\": {\"fields\": [\"Force even teams\"]}}]"}}, {"model": "admin.logentry", "pk": 142, "fields": {"action_time": "2021-06-24T20:29:31.547Z", "user": 1, "content_type": 10, "object_id": "15", "object_repr": "Drag Race All Stars 6, \"Snatched for the Gods\": (5 points) Snatch Game Winner", "action_flag": 1, "change_message": "[{\"added\": {}}]"}}, {"model": "admin.logentry", "pk": 143, "fields": {"action_time": "2021-06-24T20:29:59.242Z", "user": 1, "content_type": 10, "object_id": "16", "object_repr": "Drag Race All Stars 6, \"Reading is Fundamental\": (2 points) Reading mini-challenge winner (yes, you also get the mini challenge score for this)", "action_flag": 1, "change_message": "[{\"added\": {}}]"}}, {"model": "admin.logentry", "pk": 144, "fields": {"action_time": "2021-06-24T20:30:31.143Z", "user": 1, "content_type": 10, "object_id": "17", "object_repr": "Drag Race All Stars 6, \"Episode Runner Up\": (4 points) Queen did not win the main challenge but was a runner up", "action_flag": 1, "change_message": "[{\"added\": {}}]"}}, {"model": "admin.logentry", "pk": 145, "fields": {"action_time": "2021-06-24T20:30:57.474Z", "user": 1, "content_type": 10, "object_id": "16", "object_repr": "Drag Race All Stars 6, \"Reading is Fundamental\": (2 points) Reading mini-challenge winner (in addition to basic mini challenge score)", "action_flag": 2, "change_message": "[{\"changed\": {\"fields\": [\"Description\"]}}]"}}, {"model": "admin.logentry", "pk": 146, "fields": {"action_time": "2021-06-24T20:31:06.723Z", "user": 1, "content_type": 10, "object_id": "15", "object_repr": "Drag Race All Stars 6, \"Snatched for the Gods\": (5 points) Snatch Game Winner  (in addition to basic main challenge score)", "action_flag": 2, "change_message": "[{\"changed\": {\"fields\": [\"Description\"]}}]"}}, {"model": "admin.logentry", "pk": 147, "fields": {"action_time": "2021-06-24T20:34:59.180Z", "user": 1, "content_type": 10, "object_id": "9", "object_repr": "Drag Race All Stars 6, \"Prance, My Queen!\": (15 points) All hail the queen! This Queen won the season!", "action_flag": 2, "change_message": "[{\"changed\": {\"fields\": [\"Point value\"]}}]"}}, {"model": "admin.logentry", "pk": 148, "fields": {"action_time": "2021-06-25T13:32:08.400Z", "user": 1, "content_type": 13, "object_id": "1", "object_repr": "Team Porkchop", "action_flag": 2, "change_message": "[{\"changed\": {\"fields\": [\"Captains\"]}}]"}}, {"model": "admin.logentry", "pk": 149, "fields": {"action_time": "2021-06-25T13:48:09.039Z", "user": 1, "content_type": 12, "object_id": "1", "object_repr": "Bo", "action_flag": 2, "change_message": "[{\"changed\": {\"fields\": [\"Site admin\"]}}]"}}, {"model": "admin.logentry", "pk": 150, "fields": {"action_time": "2021-06-25T13:49:11.608Z", "user": 1, "content_type": 12, "object_id": "1", "object_repr": "Bo", "action_flag": 2, "change_message": "[{\"changed\": {\"fields\": [\"Site admin\"]}}]"}}, {"model": "admin.logentry", "pk": 151, "fields": {"action_time": "2021-06-25T13:50:29.549Z", "user": 1, "content_type": 12, "object_id": "1", "object_repr": "Bo", "action_flag": 2, "change_message": "[{\"changed\": {\"fields\": [\"Site admin\"]}}]"}}, {"model": "admin.logentry", "pk": 152, "fields": {"action_time": "2021-06-25T13:52:09.934Z", "user": 1, "content_type": 13, "object_id": "1", "object_repr": "Team Porkchop", "action_flag": 2, "change_message": "[{\"changed\": {\"fields\": [\"Captains\"]}}]"}}, {"model": "admin.logentry", "pk": 153, "fields": {"action_time": "2021-06-25T13:52:16.686Z", "user": 1, "content_type": 13, "object_id": "1", "object_repr": "Team Porkchop", "action_flag": 2, "change_message": "[{\"changed\": {\"fields\": [\"Captains\"]}}]"}}, {"model": "admin.logentry", "pk": 154, "fields": {"action_time": "2021-06-25T13:53:05.376Z", "user": 1, "content_type": 13, "object_id": "1", "object_repr": "Team Porkchop", "action_flag": 2, "change_message": "[{\"changed\": {\"fields\": [\"Captains\", \"Status\"]}}]"}}, {"model": "admin.logentry", "pk": 155, "fields": {"action_time": "2021-06-25T13:53:28.576Z", "user": 1, "content_type": 13, "object_id": "1", "object_repr": "Team Porkchop", "action_flag": 2, "change_message": "[{\"changed\": {\"fields\": [\"Captains\"]}}]"}}, {"model": "admin.logentry", "pk": 156, "fields": {"action_time": "2021-06-25T13:55:31.074Z", "user": 1, "content_type": 4, "object_id": "2", "object_repr": "chelsea", "action_flag": 1, "change_message": "[{\"added\": {}}]"}}, {"model": "admin.logentry", "pk": 157, "fields": {"action_time": "2021-06-25T13:55:58.079Z", "user": 1, "content_type": 4, "object_id": "3", "object_repr": "kirsten", "action_flag": 1, "change_message": "[{\"added\": {}}]"}}, {"model": "admin.logentry", "pk": 158, "fields": {"action_time": "2021-06-25T13:56:07.018Z", "user": 1, "content_type": 4, "object_id": "4", "object_repr": "kristen", "action_flag": 1, "change_message": "[{\"added\": {}}]"}}, {"model": "admin.logentry", "pk": 159, "fields": {"action_time": "2021-06-25T13:56:15.321Z", "user": 1, "content_type": 4, "object_id": "5", "object_repr": "katelyn", "action_flag": 1, "change_message": "[{\"added\": {}}]"}}, {"model": "admin.logentry", "pk": 160, "fields": {"action_time": "2021-06-25T13:56:21.140Z", "user": 1, "content_type": 4, "object_id": "6", "object_repr": "ata", "action_flag": 1, "change_message": "[{\"added\": {}}]"}}, {"model": "admin.logentry", "pk": 161, "fields": {"action_time": "2021-06-25T13:56:42.869Z", "user": 1, "content_type": 12, "object_id": "6", "object_repr": "Katelyn", "action_flag": 2, "change_message": "[{\"changed\": {\"fields\": [\"User\"]}}]"}}, {"model": "admin.logentry", "pk": 162, "fields": {"action_time": "2021-06-25T13:56:47.067Z", "user": 1, "content_type": 12, "object_id": "5", "object_repr": "Ata", "action_flag": 2, "change_message": "[{\"changed\": {\"fields\": [\"User\"]}}]"}}, {"model": "admin.logentry", "pk": 163, "fields": {"action_time": "2021-06-25T13:56:52.666Z", "user": 1, "content_type": 12, "object_id": "4", "object_repr": "Kirsten", "action_flag": 2, "change_message": "[{\"changed\": {\"fields\": [\"User\"]}}]"}}, {"model": "admin.logentry", "pk": 164, "fields": {"action_time": "2021-06-25T13:56:58.488Z", "user": 1, "content_type": 12, "object_id": "2", "object_repr": "Chelsea", "action_flag": 2, "change_message": "[{\"changed\": {\"fields\": [\"User\"]}}]"}}, {"model": "admin.logentry", "pk": 165, "fields": {"action_time": "2021-06-25T21:36:46.498Z", "user": 1, "content_type": 8, "object_id": "12", "object_repr": "Drag Race All Stars 6 episode #6", "action_flag": 1, "change_message": "[{\"added\": {}}]"}}, {"model": "admin.logentry", "pk": 166, "fields": {"action_time": "2021-06-26T15:38:05.777Z", "user": 1, "content_type": 10, "object_id": "2", "object_repr": "Drag Race All Stars 6, \"Safe is a Dirty Word\": (1 points) Queen is safe in main challenge", "action_flag": 2, "change_message": "[{\"changed\": {\"fields\": [\"Point value\"]}}]"}}, {"model": "admin.logentry", "pk": 167, "fields": {"action_time": "2021-06-26T15:38:32.564Z", "user": 1, "content_type": 10, "object_id": "17", "object_repr": "Drag Race All Stars 6, \"Episode Runner Up\": (4 points) Queen did not win the main challenge but was a runner up", "action_flag": 3, "change_message": ""}}, {"model": "admin.logentry", "pk": 168, "fields": {"action_time": "2021-06-26T15:38:54.074Z", "user": 1, "content_type": 10, "object_id": "14", "object_repr": "Drag Race All Stars 6, \"Main Challenge Runner Up\": (3 points) Queen is a runner up for the main challenge (not safe, but not in danger of LSFYL or Lip Stick vote off)", "action_flag": 2, "change_message": "[{\"changed\": {\"fields\": [\"Description\"]}}]"}}, {"model": "admin.logentry", "pk": 169, "fields": {"action_time": "2021-06-26T15:40:45.564Z", "user": 1, "content_type": 10, "object_id": "1", "object_repr": "Drag Race All Stars 6, \"Shantay You Stay\": (2 points) Queen wins a lip sync (either in a LSFYL or against a lip sync assassin)", "action_flag": 2, "change_message": "[{\"changed\": {\"fields\": [\"Description\"]}}]"}}, {"model": "admin.logentry", "pk": 170, "fields": {"action_time": "2021-06-26T15:42:10.579Z", "user": 1, "content_type": 10, "object_id": "7", "object_repr": "Drag Race All Stars 6, \"Double Shantay\": (4 points) Queen lip syncs for her life, and both contestants stay", "action_flag": 2, "change_message": "[{\"changed\": {\"fields\": [\"Description\"]}}]"}}, {"model": "admin.logentry", "pk": 171, "fields": {"action_time": "2021-06-26T15:42:51.593Z", "user": 1, "content_type": 10, "object_id": "4", "object_repr": "Drag Race All Stars 6, \"Sashay Away\": (-1 points) Queen is eliminated, either from a LSFYL or a a lip stick vote off", "action_flag": 2, "change_message": "[{\"changed\": {\"fields\": [\"Description\"]}}]"}}, {"model": "admin.logentry", "pk": 172, "fields": {"action_time": "2021-06-26T15:43:30.561Z", "user": 1, "content_type": 10, "object_id": "18", "object_repr": "Drag Race All Stars 6, \"Escandalo!\": (-5 points) Queen is suddenly eliminated for breaking rules", "action_flag": 1, "change_message": "[{\"added\": {}}]"}}, {"model": "admin.logentry", "pk": 173, "fields": {"action_time": "2021-06-27T11:05:07.721Z", "user": 1, "content_type": 10, "object_id": "16", "object_repr": "Drag Race All Stars 6, \"Reading is Fundamental\": (1 points) Reading mini-challenge winner (in addition to basic mini challenge score)", "action_flag": 2, "change_message": "[{\"changed\": {\"fields\": [\"Point value\"]}}]"}}, {"model": "admin.logentry", "pk": 174, "fields": {"action_time": "2021-06-27T11:05:24.380Z", "user": 1, "content_type": 10, "object_id": "1", "object_repr": "Drag Race All Stars 6, \"Shantay You Stay\": (1 points) Queen wins a lip sync (either in a LSFYL or against a lip sync assassin)", "action_flag": 2, "change_message": "[{\"changed\": {\"fields\": [\"Point value\"]}}]"}}, {"model": "admin.logentry", "pk": 175, "fields": {"action_time": "2021-06-27T11:05:51.127Z", "user": 1, "content_type": 10, "object_id": "14", "object_repr": "Drag Race All Stars 6, \"Main Challenge Runner Up\": (2 points) Queen is a runner up for the main challenge (not safe, but not in danger of LSFYL or Lip Stick vote off)", "action_flag": 2, "change_message": "[{\"changed\": {\"fields\": [\"Point value\"]}}]"}}, {"model": "admin.logentry", "pk": 176, "fields": {"action_time": "2021-06-27T11:07:28.821Z", "user": 1, "content_type": 10, "object_id": "7", "object_repr": "Drag Race All Stars 6, \"Double Shantay\": (3 points) Queen lip syncs for her life, and both contestants stay", "action_flag": 2, "change_message": "[{\"changed\": {\"fields\": [\"Point value\"]}}]"}}, {"model": "admin.logentry", "pk": 177, "fields": {"action_time": "2021-06-27T11:07:51.517Z", "user": 1, "content_type": 10, "object_id": "7", "object_repr": "Drag Race All Stars 6, \"Double Shantay\": (3 points) Queen LSFYL or against a LSA, and both contestants win", "action_flag": 2, "change_message": "[{\"changed\": {\"fields\": [\"Description\"]}}]"}}, {"model": "admin.logentry", "pk": 178, "fields": {"action_time": "2021-06-27T11:08:07.551Z", "user": 1, "content_type": 10, "object_id": "10", "object_repr": "Drag Race All Stars 6, \"Season Top 5\": (1 points) Queen made it to top 5 of the season", "action_flag": 2, "change_message": "[{\"changed\": {\"fields\": [\"Point value\"]}}]"}}, {"model": "admin.logentry", "pk": 179, "fields": {"action_time": "2021-06-27T11:08:21.012Z", "user": 1, "content_type": 10, "object_id": "15", "object_repr": "Drag Race All Stars 6, \"Snatched for the Gods\": (2 points) Snatch Game Winner  (in addition to basic main challenge score)", "action_flag": 2, "change_message": "[{\"changed\": {\"fields\": [\"Point value\"]}}]"}}, {"model": "admin.logentry", "pk": 180, "fields": {"action_time": "2021-06-27T11:08:39.680Z", "user": 1, "content_type": 10, "object_id": "11", "object_repr": "Drag Race All Stars 6, \"Season Top 4\": (2 points) Queen made it to top 4 of the season", "action_flag": 2, "change_message": "[{\"changed\": {\"fields\": [\"Point value\"]}}]"}}, {"model": "admin.logentry", "pk": 181, "fields": {"action_time": "2021-06-27T11:08:59.485Z", "user": 1, "content_type": 10, "object_id": "10", "object_repr": "Drag Race All Stars 6, \"Season Top 5\": (1 points) Queen made it to top 5 of the season", "action_flag": 3, "change_message": ""}}, {"model": "admin.logentry", "pk": 182, "fields": {"action_time": "2021-06-27T11:09:09.050Z", "user": 1, "content_type": 10, "object_id": "11", "object_repr": "Drag Race All Stars 6, \"Season Top 4\": (1 points) Queen made it to top 4 of the season", "action_flag": 2, "change_message": "[{\"changed\": {\"fields\": [\"Point value\"]}}]"}}, {"model": "admin.logentry", "pk": 183, "fields": {"action_time": "2021-06-27T11:09:16.587Z", "user": 1, "content_type": 10, "object_id": "12", "object_repr": "Drag Race All Stars 6, \"Season Top 3\": (2 points) Queen made it to top 3 of the season", "action_flag": 2, "change_message": "[{\"changed\": {\"fields\": [\"Point value\"]}}]"}}, {"model": "admin.logentry", "pk": 184, "fields": {"action_time": "2021-06-27T11:09:36.930Z", "user": 1, "content_type": 10, "object_id": "13", "object_repr": "Drag Race All Stars 6, \"Season Runner Up\": (5 points) Queen is the runner up for the crown!", "action_flag": 2, "change_message": "[{\"changed\": {\"fields\": [\"Point value\"]}}]"}}, {"model": "admin.logentry", "pk": 185, "fields": {"action_time": "2021-06-27T11:09:45.477Z", "user": 1, "content_type": 10, "object_id": "9", "object_repr": "Drag Race All Stars 6, \"Prance, My Queen!\": (9 points) All hail the queen! This Queen won the season!", "action_flag": 2, "change_message": "[{\"changed\": {\"fields\": [\"Point value\"]}}]"}}, {"model": "admin.logentry", "pk": 186, "fields": {"action_time": "2021-06-27T11:10:06.557Z", "user": 1, "content_type": 10, "object_id": "6", "object_repr": "Drag Race All Stars 6, \"Rudemption!\": (5 points) Queen returns to the season for their Rudemption", "action_flag": 2, "change_message": "[]"}}, {"model": "admin.logentry", "pk": 187, "fields": {"action_time": "2021-06-27T11:10:33.200Z", "user": 1, "content_type": 10, "object_id": "3", "object_repr": "Drag Race All Stars 6, \"You're a Winner, Baby!\": (3 points) Queen wins the main challenge", "action_flag": 2, "change_message": "[{\"changed\": {\"fields\": [\"Point value\"]}}]"}}, {"model": "admin.logentry", "pk": 188, "fields": {"action_time": "2021-06-27T11:20:20.948Z", "user": 1, "content_type": 10, "object_id": "12", "object_repr": "Drag Race All Stars 6, \"Season Top 3\": (2 points) Queen made it to top 3 of the season", "action_flag": 2, "change_message": "[{\"changed\": {\"fields\": [\"Score type\"]}}]"}}, {"model": "admin.logentry", "pk": 189, "fields": {"action_time": "2021-06-27T11:20:20.968Z", "user": 1, "content_type": 10, "object_id": "13", "object_repr": "Drag Race All Stars 6, \"Season Runner Up\": (5 points) Queen is the runner up for the crown!", "action_flag": 2, "change_message": "[{\"changed\": {\"fields\": [\"Score type\"]}}]"}}, {"model": "admin.logentry", "pk": 190, "fields": {"action_time": "2021-06-27T11:20:20.982Z", "user": 1, "content_type": 10, "object_id": "9", "object_repr": "Drag Race All Stars 6, \"Prance, My Queen!\": (9 points) All hail the queen! This Queen won the season!", "action_flag": 2, "change_message": "[{\"changed\": {\"fields\": [\"Score type\"]}}]"}}, {"model": "admin.logentry", "pk": 191, "fields": {"action_time": "2021-06-27T11:20:29.540Z", "user": 1, "content_type": 10, "object_id": "11", "object_repr": "Drag Race All Stars 6, \"Season Top 4\": (1 points) Queen made it to top 4 of the season", "action_flag": 2, "change_message": "[{\"changed\": {\"fields\": [\"Score type\"]}}]"}}, {"model": "admin.logentry", "pk": 192, "fields": {"action_time": "2021-06-27T11:21:38.086Z", "user": 1, "content_type": 10, "object_id": "2", "object_repr": "Drag Race All Stars 6, \"Safe is a Dirty Word\": (2 points) Queen is safe in main challenge", "action_flag": 2, "change_message": "[{\"changed\": {\"fields\": [\"Point value\"]}}]"}}, {"model": "admin.logentry", "pk": 193, "fields": {"action_time": "2021-06-27T11:21:38.095Z", "user": 1, "content_type": 10, "object_id": "7", "object_repr": "Drag Race All Stars 6, \"Double Shantay\": (2 points) Queen LSFYL or against a LSA, and both contestants win", "action_flag": 2, "change_message": "[{\"changed\": {\"fields\": [\"Point value\"]}}]"}}, {"model": "admin.logentry", "pk": 194, "fields": {"action_time": "2021-06-27T11:26:53.876Z", "user": 1, "content_type": 10, "object_id": "4", "object_repr": "Drag Race All Stars 6, \"Sashay Away\": (0 points) Queen is eliminated, either from a LSFYL or a a lip stick vote off", "action_flag": 2, "change_message": "[{\"changed\": {\"fields\": [\"Point value\"]}}]"}}, {"model": "admin.logentry", "pk": 195, "fields": {"action_time": "2021-06-27T11:54:19.254Z", "user": 1, "content_type": 10, "object_id": "19", "object_repr": "Drag Race All Stars 6, \"Rumocracy Rules\": (1 points) Queen was up for a lip stick vote and stays in the competition", "action_flag": 1, "change_message": "[{\"added\": {}}]"}}, {"model": "admin.logentry", "pk": 196, "fields": {"action_time": "2021-06-27T12:26:08.730Z", "user": 1, "content_type": 8, "object_id": "1", "object_repr": "Drag Race All Stars 6 episode #1", "action_flag": 2, "change_message": "[{\"changed\": {\"fields\": [\"Title\"]}}]"}}, {"model": "admin.logentry", "pk": 197, "fields": {"action_time": "2021-06-27T12:26:08.736Z", "user": 1, "content_type": 8, "object_id": "2", "object_repr": "Drag Race All Stars 6 episode #2", "action_flag": 2, "change_message": "[{\"changed\": {\"fields\": [\"Title\"]}}]"}}, {"model": "admin.logentry", "pk": 198, "fields": {"action_time": "2021-06-27T22:30:06.319Z", "user": 1, "content_type": 15, "object_id": "1", "object_repr": "Brooke Lynn Hytes Drag Race All Stars 6 episode #2", "action_flag": 1, "change_message": "[{\"added\": {}}]"}}, {"model": "admin.logentry", "pk": 199, "fields": {"action_time": "2021-06-27T22:30:19.893Z", "user": 1, "content_type": 15, "object_id": "2", "object_repr": "Jasmine Masters Drag Race All Stars 6 episode #1", "action_flag": 1, "change_message": "[{\"added\": {}}]"}}, {"model": "admin.logentry", "pk": 200, "fields": {"action_time": "2021-06-27T22:30:44.861Z", "user": 1, "content_type": 15, "object_id": "3", "object_repr": "Derrick Barry Drag Race All Stars 6 episode #1", "action_flag": 1, "change_message": "[{\"added\": {}}]"}}, {"model": "admin.logentry", "pk": 201, "fields": {"action_time": "2021-06-27T22:31:11.554Z", "user": 1, "content_type": 16, "object_id": "1", "object_repr": "Team Porkchop, Chelsea::Kandy Muse", "action_flag": 1, "change_message": "[{\"added\": {}}]"}}, {"model": "admin.logentry", "pk": 202, "fields": {"action_time": "2021-06-27T22:31:24.122Z", "user": 1, "content_type": 16, "object_id": "2", "object_repr": "Team Porkchop, Chelsea::Heidi N Closet", "action_flag": 1, "change_message": "[{\"added\": {}}]"}}, {"model": "admin.logentry", "pk": 203, "fields": {"action_time": "2021-06-27T22:31:38.303Z", "user": 1, "content_type": 16, "object_id": "3", "object_repr": "Team Porkchop, Chelsea::Mont X Change", "action_flag": 1, "change_message": "[{\"added\": {}}]"}}, {"model": "admin.logentry", "pk": 204, "fields": {"action_time": "2021-06-27T22:31:53.172Z", "user": 1, "content_type": 16, "object_id": "4", "object_repr": "Team Porkchop, Chelsea::Valentina", "action_flag": 1, "change_message": "[{\"added\": {}}]"}}, {"model": "admin.logentry", "pk": 205, "fields": {"action_time": "2021-06-27T22:32:08.571Z", "user": 1, "content_type": 16, "object_id": "5", "object_repr": "Team Porkchop, Chelsea::Roxxxy Andrews", "action_flag": 1, "change_message": "[{\"added\": {}}]"}}, {"model": "admin.logentry", "pk": 206, "fields": {"action_time": "2021-06-27T22:32:27.534Z", "user": 1, "content_type": 16, "object_id": "6", "object_repr": "Team Porkchop, Ata::Gigi Goode", "action_flag": 1, "change_message": "[{\"added\": {}}]"}}, {"model": "admin.logentry", "pk": 207, "fields": {"action_time": "2021-06-27T22:32:39.195Z", "user": 1, "content_type": 16, "object_id": "7", "object_repr": "Team Porkchop, Ata::Yvie Oddly", "action_flag": 1, "change_message": "[{\"added\": {}}]"}}, {"model": "admin.logentry", "pk": 208, "fields": {"action_time": "2021-06-27T22:32:54.145Z", "user": 1, "content_type": 16, "object_id": "8", "object_repr": "Team Porkchop, Ata::Alyssa Edwards", "action_flag": 1, "change_message": "[{\"added\": {}}]"}}, {"model": "admin.logentry", "pk": 209, "fields": {"action_time": "2021-06-27T22:33:05.677Z", "user": 1, "content_type": 16, "object_id": "9", "object_repr": "Team Porkchop, Ata::Jinkx Monsoon", "action_flag": 1, "change_message": "[{\"added\": {}}]"}}, {"model": "admin.logentry", "pk": 210, "fields": {"action_time": "2021-06-27T22:33:24.284Z", "user": 1, "content_type": 16, "object_id": "9", "object_repr": "Team Porkchop, Ata::Alaska", "action_flag": 2, "change_message": "[{\"changed\": {\"fields\": [\"Queen\"]}}]"}}, {"model": "admin.logentry", "pk": 211, "fields": {"action_time": "2021-06-27T22:33:40.134Z", "user": 1, "content_type": 16, "object_id": "10", "object_repr": "Team Porkchop, Ata::Chad Michaels", "action_flag": 1, "change_message": "[{\"added\": {}}]"}}, {"model": "admin.logentry", "pk": 212, "fields": {"action_time": "2021-06-27T22:33:59.333Z", "user": 1, "content_type": 16, "object_id": "11", "object_repr": "Team Porkchop, Katelyn::Gottmik", "action_flag": 1, "change_message": "[{\"added\": {}}]"}}, {"model": "admin.logentry", "pk": 213, "fields": {"action_time": "2021-06-27T22:34:15.693Z", "user": 1, "content_type": 16, "object_id": "12", "object_repr": "Team Porkchop, Katelyn::Vanessa Vanjie Mateo", "action_flag": 1, "change_message": "[{\"added\": {}}]"}}, {"model": "admin.logentry", "pk": 214, "fields": {"action_time": "2021-06-27T22:34:28.327Z", "user": 1, "content_type": 16, "object_id": "13", "object_repr": "Team Porkchop, Katelyn::Bob the Drag Queen", "action_flag": 1, "change_message": "[{\"added\": {}}]"}}, {"model": "admin.logentry", "pk": 215, "fields": {"action_time": "2021-06-27T22:34:48.739Z", "user": 1, "content_type": 9, "object_id": "83", "object_repr": "Violet Chachkie", "action_flag": 2, "change_message": "[{\"changed\": {\"fields\": [\"Name\"]}}]"}}, {"model": "admin.logentry", "pk": 216, "fields": {"action_time": "2021-06-27T22:34:51.069Z", "user": 1, "content_type": 16, "object_id": "14", "object_repr": "Team Porkchop, Katelyn::Violet Chachkie", "action_flag": 1, "change_message": "[{\"added\": {}}]"}}, {"model": "admin.logentry", "pk": 217, "fields": {"action_time": "2021-06-27T22:35:07.365Z", "user": 1, "content_type": 16, "object_id": "15", "object_repr": "Team Porkchop, Katelyn::Raven", "action_flag": 1, "change_message": "[{\"added\": {}}]"}}, {"model": "admin.logentry", "pk": 218, "fields": {"action_time": "2021-06-27T22:35:32.660Z", "user": 1, "content_type": 9, "object_id": "111", "object_repr": "Trinity Taylor/The Tuck", "action_flag": 2, "change_message": "[{\"changed\": {\"fields\": [\"Name\"]}}]"}}, {"model": "admin.logentry", "pk": 219, "fields": {"action_time": "2021-06-27T22:35:34.287Z", "user": 1, "content_type": 16, "object_id": "16", "object_repr": "Team Porkchop, Bo::Trinity Taylor/The Tuck", "action_flag": 1, "change_message": "[{\"added\": {}}]"}}, {"model": "admin.logentry", "pk": 220, "fields": {"action_time": "2021-06-27T22:35:46.046Z", "user": 1, "content_type": 16, "object_id": "17", "object_repr": "Team Porkchop, Bo::Derrick Barry", "action_flag": 1, "change_message": "[{\"added\": {}}]"}}, {"model": "admin.logentry", "pk": 221, "fields": {"action_time": "2021-06-27T22:35:58.639Z", "user": 1, "content_type": 16, "object_id": "18", "object_repr": "Team Porkchop, Bo::Trixie Mattel", "action_flag": 1, "change_message": "[{\"added\": {}}]"}}, {"model": "admin.logentry", "pk": 222, "fields": {"action_time": "2021-06-27T22:36:19.410Z", "user": 1, "content_type": 16, "object_id": "19", "object_repr": "Team Porkchop, Bo::Kennedy Davenport", "action_flag": 1, "change_message": "[{\"added\": {}}]"}}, {"model": "admin.logentry", "pk": 223, "fields": {"action_time": "2021-06-27T22:36:36.110Z", "user": 1, "content_type": 16, "object_id": "20", "object_repr": "Team Porkchop, Bo::Latrice Royale", "action_flag": 1, "change_message": "[{\"added\": {}}]"}}, {"model": "admin.logentry", "pk": 224, "fields": {"action_time": "2021-06-27T22:36:52.520Z", "user": 1, "content_type": 16, "object_id": "21", "object_repr": "Team Porkchop, Kirsten::Widow Von'Du", "action_flag": 1, "change_message": "[{\"added\": {}}]"}}, {"model": "admin.logentry", "pk": 225, "fields": {"action_time": "2021-06-27T22:37:09.283Z", "user": 1, "content_type": 16, "object_id": "22", "object_repr": "Team Porkchop, Kirsten::Jaida Essence Hall", "action_flag": 1, "change_message": "[{\"added\": {}}]"}}, {"model": "admin.logentry", "pk": 226, "fields": {"action_time": "2021-06-27T22:37:32.629Z", "user": 1, "content_type": 16, "object_id": "23", "object_repr": "Team Porkchop, Kirsten::Asia O'Hara", "action_flag": 1, "change_message": "[{\"added\": {}}]"}}, {"model": "admin.logentry", "pk": 227, "fields": {"action_time": "2021-06-27T22:37:48.643Z", "user": 1, "content_type": 16, "object_id": "24", "object_repr": "Team Porkchop, Kirsten::Shea Coule", "action_flag": 1, "change_message": "[{\"added\": {}}]"}}, {"model": "admin.logentry", "pk": 228, "fields": {"action_time": "2021-06-27T22:38:08.841Z", "user": 1, "content_type": 16, "object_id": "25", "object_repr": "Team Porkchop, Kirsten::Shangela", "action_flag": 1, "change_message": "[{\"added\": {}}]"}}, {"model": "admin.logentry", "pk": 229, "fields": {"action_time": "2021-06-27T22:38:24.296Z", "user": 1, "content_type": 16, "object_id": "26", "object_repr": "Team Porkchop, Kristen::Bianca Del Rio", "action_flag": 1, "change_message": "[{\"added\": {}}]"}}, {"model": "admin.logentry", "pk": 230, "fields": {"action_time": "2021-06-27T22:38:38.583Z", "user": 1, "content_type": 16, "object_id": "27", "object_repr": "Team Porkchop, Kristen::BenDeLaCreme", "action_flag": 1, "change_message": "[{\"added\": {}}]"}}, {"model": "admin.logentry", "pk": 231, "fields": {"action_time": "2021-06-27T22:38:57.791Z", "user": 1, "content_type": 16, "object_id": "28", "object_repr": "Team Porkchop, Kristen::Katya", "action_flag": 1, "change_message": "[{\"added\": {}}]"}}, {"model": "admin.logentry", "pk": 232, "fields": {"action_time": "2021-06-27T22:39:16.476Z", "user": 1, "content_type": 16, "object_id": "29", "object_repr": "Team Porkchop, Kristen::Brooke Lynn Hytes", "action_flag": 1, "change_message": "[{\"added\": {}}]"}}, {"model": "admin.logentry", "pk": 233, "fields": {"action_time": "2021-06-27T22:39:29.911Z", "user": 1, "content_type": 16, "object_id": "30", "object_repr": "Team Porkchop, Kristen::Symone", "action_flag": 1, "change_message": "[{\"added\": {}}]"}}, {"model": "admin.logentry", "pk": 234, "fields": {"action_time": "2021-06-27T22:40:10.936Z", "user": 1, "content_type": 15, "object_id": "4", "object_repr": "Coco Montrese Drag Race All Stars 6 episode #1", "action_flag": 1, "change_message": "[{\"added\": {}}]"}}, {"model": "admin.logentry", "pk": 235, "fields": {"action_time": "2021-06-28T23:24:06.808Z", "user": 1, "content_type": 10, "object_id": "14", "object_repr": "Drag Race All Stars 6, \"Main Challenge Runner Up\": (3 points) Queen is a runner up for the main challenge (not safe, but not in danger of LSFYL or Lip Stick vote off)", "action_flag": 2, "change_message": "[{\"changed\": {\"fields\": [\"Point value\"]}}]"}}, {"model": "admin.logentry", "pk": 236, "fields": {"action_time": "2021-06-28T23:24:06.838Z", "user": 1, "content_type": 10, "object_id": "3", "object_repr": "Drag Race All Stars 6, \"You're a Winner, Baby!\": (4 points) Queen wins the main challenge", "action_flag": 2, "change_message": "[{\"changed\": {\"fields\": [\"Point value\"]}}]"}}, {"model": "admin.logentry", "pk": 237, "fields": {"action_time": "2021-06-29T01:12:15.220Z", "user": 1, "content_type": 12, "object_id": "6", "object_repr": "Katelyn", "action_flag": 2, "change_message": "[]"}}, {"model": "admin.logentry", "pk": 238, "fields": {"action_time": "2021-06-29T01:12:25.670Z", "user": 1, "content_type": 12, "object_id": "3", "object_repr": "Kristen", "action_flag": 2, "change_message": "[{\"changed\": {\"fields\": [\"User\"]}}]"}}, {"model": "admin.logentry", "pk": 239, "fields": {"action_time": "2021-06-29T01:26:14.335Z", "user": 1, "content_type": 15, "object_id": "1", "object_repr": "Brooke Lynn Hytes Drag Race All Stars 6 episode #2", "action_flag": 2, "change_message": "[{\"changed\": {\"fields\": [\"Point value\"]}}]"}}, {"model": "admin.logentry", "pk": 240, "fields": {"action_time": "2021-06-29T01:26:20.757Z", "user": 1, "content_type": 15, "object_id": "4", "object_repr": "Coco Montrese Drag Race All Stars 6 episode #1", "action_flag": 2, "change_message": "[{\"changed\": {\"fields\": [\"Point value\"]}}]"}}, {"model": "admin.logentry", "pk": 241, "fields": {"action_time": "2021-06-29T01:44:50.569Z", "user": 1, "content_type": 17, "object_id": "1", "object_repr": "AppearanceType object (1)", "action_flag": 1, "change_message": "[{\"added\": {}}]"}}, {"model": "admin.logentry", "pk": 242, "fields": {"action_time": "2021-06-29T01:45:17.558Z", "user": 1, "content_type": 17, "object_id": "2", "object_repr": "AppearanceType object (2)", "action_flag": 1, "change_message": "[{\"added\": {}}]"}}, {"model": "admin.logentry", "pk": 243, "fields": {"action_time": "2021-06-29T01:45:59.148Z", "user": 1, "content_type": 17, "object_id": "3", "object_repr": "AppearanceType object (3)", "action_flag": 1, "change_message": "[{\"added\": {}}]"}}, {"model": "admin.logentry", "pk": 244, "fields": {"action_time": "2021-06-29T01:46:15.682Z", "user": 1, "content_type": 15, "object_id": "4", "object_repr": "Coco Montrese Drag Race All Stars 6 episode #1", "action_flag": 2, "change_message": "[{\"changed\": {\"fields\": [\"Appearance\"]}}]"}}, {"model": "admin.logentry", "pk": 245, "fields": {"action_time": "2021-06-29T01:46:19.936Z", "user": 1, "content_type": 15, "object_id": "3", "object_repr": "Derrick Barry Drag Race All Stars 6 episode #1", "action_flag": 2, "change_message": "[{\"changed\": {\"fields\": [\"Appearance\"]}}]"}}, {"model": "admin.logentry", "pk": 246, "fields": {"action_time": "2021-06-29T01:46:24.212Z", "user": 1, "content_type": 15, "object_id": "2", "object_repr": "Jasmine Masters Drag Race All Stars 6 episode #1", "action_flag": 2, "change_message": "[{\"changed\": {\"fields\": [\"Appearance\"]}}]"}}, {"model": "admin.logentry", "pk": 247, "fields": {"action_time": "2021-06-29T01:46:28.617Z", "user": 1, "content_type": 15, "object_id": "1", "object_repr": "Brooke Lynn Hytes Drag Race All Stars 6 episode #2", "action_flag": 2, "change_message": "[{\"changed\": {\"fields\": [\"Appearance\"]}}]"}}, {"model": "auth.permission", "pk": 1, "fields": {"name": "Can add log entry", "content_type": 1, "codename": "add_logentry"}}, {"model": "auth.permission", "pk": 2, "fields": {"name": "Can change log entry", "content_type": 1, "codename": "change_logentry"}}, {"model": "auth.permission", "pk": 3, "fields": {"name": "Can delete log entry", "content_type": 1, "codename": "delete_logentry"}}, {"model": "auth.permission", "pk": 4, "fields": {"name": "Can view log entry", "content_type": 1, "codename": "view_logentry"}}, {"model": "auth.permission", "pk": 5, "fields": {"name": "Can add permission", "content_type": 2, "codename": "add_permission"}}, {"model": "auth.permission", "pk": 6, "fields": {"name": "Can change permission", "content_type": 2, "codename": "change_permission"}}, {"model": "auth.permission", "pk": 7, "fields": {"name": "Can delete permission", "content_type": 2, "codename": "delete_permission"}}, {"model": "auth.permission", "pk": 8, "fields": {"name": "Can view permission", "content_type": 2, "codename": "view_permission"}}, {"model": "auth.permission", "pk": 9, "fields": {"name": "Can add group", "content_type": 3, "codename": "add_group"}}, {"model": "auth.permission", "pk": 10, "fields": {"name": "Can change group", "content_type": 3, "codename": "change_group"}}, {"model": "auth.permission", "pk": 11, "fields": {"name": "Can delete group", "content_type": 3, "codename": "delete_group"}}, {"model": "auth.permission", "pk": 12, "fields": {"name": "Can view group", "content_type": 3, "codename": "view_group"}}, {"model": "auth.permission", "pk": 13, "fields": {"name": "Can add user", "content_type": 4, "codename": "add_user"}}, {"model": "auth.permission", "pk": 14, "fields": {"name": "Can change user", "content_type": 4, "codename": "change_user"}}, {"model": "auth.permission", "pk": 15, "fields": {"name": "Can delete user", "content_type": 4, "codename": "delete_user"}}, {"model": "auth.permission", "pk": 16, "fields": {"name": "Can view user", "content_type": 4, "codename": "view_user"}}, {"model": "auth.permission", "pk": 17, "fields": {"name": "Can add content type", "content_type": 5, "codename": "add_contenttype"}}, {"model": "auth.permission", "pk": 18, "fields": {"name": "Can change content type", "content_type": 5, "codename": "change_contenttype"}}, {"model": "auth.permission", "pk": 19, "fields": {"name": "Can delete content type", "content_type": 5, "codename": "delete_contenttype"}}, {"model": "auth.permission", "pk": 20, "fields": {"name": "Can view content type", "content_type": 5, "codename": "view_contenttype"}}, {"model": "auth.permission", "pk": 21, "fields": {"name": "Can add session", "content_type": 6, "codename": "add_session"}}, {"model": "auth.permission", "pk": 22, "fields": {"name": "Can change session", "content_type": 6, "codename": "change_session"}}, {"model": "auth.permission", "pk": 23, "fields": {"name": "Can delete session", "content_type": 6, "codename": "delete_session"}}, {"model": "auth.permission", "pk": 24, "fields": {"name": "Can view session", "content_type": 6, "codename": "view_session"}}, {"model": "auth.permission", "pk": 25, "fields": {"name": "Can add drag race", "content_type": 7, "codename": "add_dragrace"}}, {"model": "auth.permission", "pk": 26, "fields": {"name": "Can change drag race", "content_type": 7, "codename": "change_dragrace"}}, {"model": "auth.permission", "pk": 27, "fields": {"name": "Can delete drag race", "content_type": 7, "codename": "delete_dragrace"}}, {"model": "auth.permission", "pk": 28, "fields": {"name": "Can view drag race", "content_type": 7, "codename": "view_dragrace"}}, {"model": "auth.permission", "pk": 29, "fields": {"name": "Can add episode", "content_type": 8, "codename": "add_episode"}}, {"model": "auth.permission", "pk": 30, "fields": {"name": "Can change episode", "content_type": 8, "codename": "change_episode"}}, {"model": "auth.permission", "pk": 31, "fields": {"name": "Can delete episode", "content_type": 8, "codename": "delete_episode"}}, {"model": "auth.permission", "pk": 32, "fields": {"name": "Can view episode", "content_type": 8, "codename": "view_episode"}}, {"model": "auth.permission", "pk": 33, "fields": {"name": "Can add queen", "content_type": 9, "codename": "add_queen"}}, {"model": "auth.permission", "pk": 34, "fields": {"name": "Can change queen", "content_type": 9, "codename": "change_queen"}}, {"model": "auth.permission", "pk": 35, "fields": {"name": "Can delete queen", "content_type": 9, "codename": "delete_queen"}}, {"model": "auth.permission", "pk": 36, "fields": {"name": "Can view queen", "content_type": 9, "codename": "view_queen"}}, {"model": "auth.permission", "pk": 37, "fields": {"name": "Can add rule", "content_type": 10, "codename": "add_rule"}}, {"model": "auth.permission", "pk": 38, "fields": {"name": "Can change rule", "content_type": 10, "codename": "change_rule"}}, {"model": "auth.permission", "pk": 39, "fields": {"name": "Can delete rule", "content_type": 10, "codename": "delete_rule"}}, {"model": "auth.permission", "pk": 40, "fields": {"name": "Can view rule", "content_type": 10, "codename": "view_rule"}}, {"model": "auth.permission", "pk": 41, "fields": {"name": "Can add score", "content_type": 11, "codename": "add_score"}}, {"model": "auth.permission", "pk": 42, "fields": {"name": "Can change score", "content_type": 11, "codename": "change_score"}}, {"model": "auth.permission", "pk": 43, "fields": {"name": "Can delete score", "content_type": 11, "codename": "delete_score"}}, {"model": "auth.permission", "pk": 44, "fields": {"name": "Can view score", "content_type": 11, "codename": "view_score"}}, {"model": "auth.permission", "pk": 45, "fields": {"name": "Can add participant", "content_type": 12, "codename": "add_participant"}}, {"model": "auth.permission", "pk": 46, "fields": {"name": "Can change participant", "content_type": 12, "codename": "change_participant"}}, {"model": "auth.permission", "pk": 47, "fields": {"name": "Can delete participant", "content_type": 12, "codename": "delete_participant"}}, {"model": "auth.permission", "pk": 48, "fields": {"name": "Can view participant", "content_type": 12, "codename": "view_participant"}}, {"model": "auth.permission", "pk": 49, "fields": {"name": "Can add panel", "content_type": 13, "codename": "add_panel"}}, {"model": "auth.permission", "pk": 50, "fields": {"name": "Can change panel", "content_type": 13, "codename": "change_panel"}}, {"model": "auth.permission", "pk": 51, "fields": {"name": "Can delete panel", "content_type": 13, "codename": "delete_panel"}}, {"model": "auth.permission", "pk": 52, "fields": {"name": "Can view panel", "content_type": 13, "codename": "view_panel"}}, {"model": "auth.permission", "pk": 53, "fields": {"name": "Can add draft", "content_type": 14, "codename": "add_draft"}}, {"model": "auth.permission", "pk": 54, "fields": {"name": "Can change draft", "content_type": 14, "codename": "change_draft"}}, {"model": "auth.permission", "pk": 55, "fields": {"name": "Can delete draft", "content_type": 14, "codename": "delete_draft"}}, {"model": "auth.permission", "pk": 56, "fields": {"name": "Can view draft", "content_type": 14, "codename": "view_draft"}}, {"model": "auth.permission", "pk": 57, "fields": {"name": "Can add wild card appearance", "content_type": 15, "codename": "add_wildcardappearance"}}, {"model": "auth.permission", "pk": 58, "fields": {"name": "Can change wild card appearance", "content_type": 15, "codename": "change_wildcardappearance"}}, {"model": "auth.permission", "pk": 59, "fields": {"name": "Can delete wild card appearance", "content_type": 15, "codename": "delete_wildcardappearance"}}, {"model": "auth.permission", "pk": 60, "fields": {"name": "Can view wild card appearance", "content_type": 15, "codename": "view_wildcardappearance"}}, {"model": "auth.permission", "pk": 61, "fields": {"name": "Can add wild card queen", "content_type": 16, "codename": "add_wildcardqueen"}}, {"model": "auth.permission", "pk": 62, "fields": {"name": "Can change wild card queen", "content_type": 16, "codename": "change_wildcardqueen"}}, {"model": "auth.permission", "pk": 63, "fields": {"name": "Can delete wild card queen", "content_type": 16, "codename": "delete_wildcardqueen"}}, {"model": "auth.permission", "pk": 64, "fields": {"name": "Can view wild card queen", "content_type": 16, "codename": "view_wildcardqueen"}}, {"model": "auth.permission", "pk": 65, "fields": {"name": "Can add appearance type", "content_type": 17, "codename": "add_appearancetype"}}, {"model": "auth.permission", "pk": 66, "fields": {"name": "Can change appearance type", "content_type": 17, "codename": "change_appearancetype"}}, {"model": "auth.permission", "pk": 67, "fields": {"name": "Can delete appearance type", "content_type": 17, "codename": "delete_appearancetype"}}, {"model": "auth.permission", "pk": 68, "fields": {"name": "Can view appearance type", "content_type": 17, "codename": "view_appearancetype"}}, {"model": "auth.user", "pk": 1, "fields": {"password": "pbkdf2_sha256$260000$Xo599jNZuFUyprchJbEfLu$ICFA5cf/KEMRjIyfX2lvkeE/q9VfxDGxA+30pMDbR7E=", "last_login": "2021-06-29T01:44:18.534Z", "is_superuser": true, "username": "kittygirl", "first_name": "", "last_name": "", "email": "admin@example.com", "is_staff": true, "is_active": true, "date_joined": "2021-06-24T10:03:50.845Z", "groups": [], "user_permissions": []}}, {"model": "auth.user", "pk": 2, "fields": {"password": "pbkdf2_sha256$260000$iEJdkZtIS9TSdNxOeJ1NBD$VVYO+bPmIkxmhMrcPZ6lpCu8nS7/xmUJi8iXWWSMd6o=", "last_login": "2021-06-26T15:32:34.681Z", "is_superuser": false, "username": "chelsea", "first_name": "", "last_name": "", "email": "", "is_staff": false, "is_active": true, "date_joined": "2021-06-25T13:55:30.671Z", "groups": [], "user_permissions": []}}, {"model": "auth.user", "pk": 3, "fields": {"password": "pbkdf2_sha256$260000$OdoJkmXGcfFGEKP96m2whU$j7I9ZECb0cM3RYuXliVhvcfwXtPakowExWAC8Ju1Z2s=", "last_login": "2021-06-29T01:14:29.708Z", "is_superuser": false, "username": "kirsten", "first_name": "", "last_name": "", "email": "", "is_staff": false, "is_active": true, "date_joined": "2021-06-25T13:55:57.675Z", "groups": [], "user_permissions": []}}, {"model": "auth.user", "pk": 4, "fields": {"password": "pbkdf2_sha256$260000$u4SKJfsUfQtzWIHAnRGXqP$rJDruA+0BN+YQa1CsWP3hvxuiy0Ik4CMio1jpHKg9Kg=", "last_login": "2021-06-29T01:23:12.155Z", "is_superuser": false, "username": "kristen", "first_name": "", "last_name": "", "email": "", "is_staff": false, "is_active": true, "date_joined": "2021-06-25T13:56:06.607Z", "groups": [], "user_permissions": []}}, {"model": "auth.user", "pk": 5, "fields": {"password": "pbkdf2_sha256$260000$8GEw9czBvTb73NtYDdxCQF$O7uuhGcMmWbhCT+ZnlMQuXDM1ebRbURRgTq6B3njwuE=", "last_login": null, "is_superuser": false, "username": "katelyn", "first_name": "", "last_name": "", "email": "", "is_staff": false, "is_active": true, "date_joined": "2021-06-25T13:56:14.918Z", "groups": [], "user_permissions": []}}, {"model": "auth.user", "pk": 6, "fields": {"password": "pbkdf2_sha256$260000$p6SXjHqvCd5zf6ve5Eqn33$YrdpjiDD6G0x4olMFBaSrupK+r1ECHioCQMa8Y/m7ec=", "last_login": "2021-06-26T18:10:17.626Z", "is_superuser": false, "username": "ata", "first_name": "", "last_name": "", "email": "", "is_staff": false, "is_active": true, "date_joined": "2021-06-25T13:56:20.717Z", "groups": [], "user_permissions": []}}, {"model": "contenttypes.contenttype", "pk": 1, "fields": {"app_label": "admin", "model": "logentry"}}, {"model": "contenttypes.contenttype", "pk": 2, "fields": {"app_label": "auth", "model": "permission"}}, {"model": "contenttypes.contenttype", "pk": 3, "fields": {"app_label": "auth", "model": "group"}}, {"model": "contenttypes.contenttype", "pk": 4, "fields": {"app_label": "auth", "model": "user"}}, {"model": "contenttypes.contenttype", "pk": 5, "fields": {"app_label": "contenttypes", "model": "contenttype"}}, {"model": "contenttypes.contenttype", "pk": 6, "fields": {"app_label": "sessions", "model": "session"}}, {"model": "contenttypes.contenttype", "pk": 7, "fields": {"app_label": "fantasydrag", "model": "dragrace"}}, {"model": "contenttypes.contenttype", "pk": 8, "fields": {"app_label": "fantasydrag", "model": "episode"}}, {"model": "contenttypes.contenttype", "pk": 9, "fields": {"app_label": "fantasydrag", "model": "queen"}}, {"model": "contenttypes.contenttype", "pk": 10, "fields": {"app_label": "fantasydrag", "model": "rule"}}, {"model": "contenttypes.contenttype", "pk": 11, "fields": {"app_label": "fantasydrag", "model": "score"}}, {"model": "contenttypes.contenttype", "pk": 12, "fields": {"app_label": "fantasydrag", "model": "participant"}}, {"model": "contenttypes.contenttype", "pk": 13, "fields": {"app_label": "fantasydrag", "model": "panel"}}, {"model": "contenttypes.contenttype", "pk": 14, "fields": {"app_label": "fantasydrag", "model": "draft"}}, {"model": "contenttypes.contenttype", "pk": 15, "fields": {"app_label": "fantasydrag", "model": "wildcardappearance"}}, {"model": "contenttypes.contenttype", "pk": 16, "fields": {"app_label": "fantasydrag", "model": "wildcardqueen"}}, {"model": "contenttypes.contenttype", "pk": 17, "fields": {"app_label": "fantasydrag", "model": "appearancetype"}}, {"model": "sessions.session", "pk": "05w67a3btuqsr5whhzroy0ar2owdoryv", "fields": {"session_data": ".eJxVjLESgyAQBf-FOuMAh4qW6fMNDHCHkhiYQawy-fdoksZ2d997sW2lYuJq7FZnSjV6WwnZWMtGF_al5pfskAl2Ys76B6VD4N2mKTc-p1qia46k-du1uWWk5fpvTwezXed93YKEwQdPvQIKIFBy4JL3WikZtBCdcjI4hwhcg9ViaB1AaDkOASV0ej9d8hSTKYSxkK8mlPxkY9qW5f0BaCdMcA:1ly2WA:p-4IFYmyMwIJISSn_txXuYQejj3RRO1v3SzC92YNKEY", "expire_date": "2021-07-13T01:26:26.439Z"}}, {"model": "sessions.session", "pk": "0axohx276vabd7smvz7f0eyd4y1retb4", "fields": {"session_data": ".eJxVjDsOwjAQBe_iGlnrXxZT0ucM0dq7IQFkS3FSIe4OkVJA-2bmvdRA2zoNW5NlmFldlFWn3y1RfkjZAd-p3KrOtazLnPSu6IM23VeW5_Vw_w4matO3NpRcEC-AHY0swbrOgwnceR6dR4dsM4BBSI4jWvSjCZQlwzmCpUjq_QHUAjdc:1lxAIM:jn6ja67uaYkTxb3QvbfgeVrCLFe4lLnAYWzyY6xL-sU", "expire_date": "2021-07-10T15:32:34.685Z"}}, {"model": "sessions.session", "pk": "5dkfdk6kng99uvl0i5upjwesi7ge0kdv", "fields": {"session_data": ".eJxVjDsOwjAQBe_iGllZB39CSZ8zRLveNQ4gW4qTCnF3iJQC2jcz76Um3NY8bU2WaWZ1UaBOvxthfEjZAd-x3KqOtazLTHpX9EGbHivL83q4fwcZW_7W0kVg788mBHLkhmQiImMv0AEnEqLBekMCPQUQ56NjayE68MwJ0Kj3BwEUOLI:1lwMZL:Qit9OhUxggllF6icK2nfEMjv_9WUmDFkoisusGXnf78", "expire_date": "2021-07-08T10:26:47.571Z"}}, {"model": "sessions.session", "pk": "7a88v41v787w8s686svu7mpkabi7ma4n", "fields": {"session_data": ".eJxVjEEOwiAQRe_C2hCYgRZcuvcMBBhGqoYmpV0Z765NutDtf-_9lwhxW2vYelnCROIstDj9binmR2k7oHtst1nmua3LlOSuyIN2eZ2pPC-H-3dQY6_f2iKgz5zLaLAwagKFCtTojAF2Wg8mAadEhMphdNrbhMhWkWcCHJx4fwDDXzcI:1lwMDH:xl0vwFURngjLM_-NNOkS38t_GEnEC6B-ydf7S4foJdc", "expire_date": "2021-07-08T10:03:59.378Z"}}, {"model": "sessions.session", "pk": "dfkj2wrqk6wi8o78o5nrt3751kaurmuz", "fields": {"session_data": ".eJxVjLESgyAQBf-FOuMAh4qW6fMNDHCHkhiYQawy-fdoksZ2d997sW2lYuJq7FZnSjV6WwnZWMtGF_al5pfskAl2Ys76B6VD4N2mKTc-p1qia46k-du1uWWk5fpvTwezXed93YKEwQdPvQIKIFBy4JL3WikZtBCdcjI4hwhcg9ViaB1AaDkOASV0ej9d8hSTKYSxkK8mlPxkY9qW5f0BaCdMcA:1ly2pZ:MWYFjrJuab3t1jqo332HoyHH6FM7_JSJn6sydgbXlVE", "expire_date": "2021-07-13T01:46:29.520Z"}}, {"model": "sessions.session", "pk": "dghlevttrnok82qtunnb1kbpcvwlhyay", "fields": {"session_data": ".eJxVjDsOwyAQBe9CHSEDqwVSps8Z0C6f4CTCkrErK3ePLblI2pl5bxOB1qWGtec5jElcBYrLL2OKr9wOkZ7UHpOMU1vmkeWRyNN2eZ9Sft_O9u-gUq_7GiySJsOWtUYuloGVA29NccY77wo5oMEkhQCIGUk50lblnWM0A4rPF821NyU:1lxCkz:bZDvJyGHn1e2WkPxRrWjFmmPPd-IfFYmkQjyAa_MZ_0", "expire_date": "2021-07-10T18:10:17.634Z"}}, {"model": "sessions.session", "pk": "h0wwk35sareif5q4dgalvjo9sdfvfndr", "fields": {"session_data": ".eJxVjEsSgyAQBe_C2rKA8YMus88ZKGAGJTFQhbhK5e7RxI3b193vzbaVsg6rNluZKZbgTCFkY8kbVWxJU4g6E4ZMrmif04uNcVuWiv0C_a93nwl22axxT4oHwIeJU6pdiiUHWx9KfdK1viek5Xa6l4PZrPNetyBhcN5R3wB5ECg5cMl71TTSKyG6xkpvLSJwBUaJobUAvuU4eJTQKfb5An_RTHA:1ly2Iq:yeI2GLSP6fq9JtDBwlEi0DL8WgiFpEAE1pEt1OLzLzs", "expire_date": "2021-07-13T01:12:40.144Z"}}, {"model": "sessions.session", "pk": "i0as155zdiip41vunzwabwkw5qujmwdy", "fields": {"session_data": ".eJxVjkEOgyAURO_C2hjkB1CX3fcM5AMfpbWQIK6a3r3aumi382Ze5skMbnU220rFRM9GBqz5zSy6O6UD-BumKbcup1qibY9Ke9K1vWZPy-Xs_glmXOdj3VkNWoaBA0JQ2nIQiDgosJKLvpMKSBN6FRTIjvvBOqX7YIWQO4J-l34_rh83pRodVtqP1bJRw5Y8xWQK-VjIVRNKfrAxbcvyegM0pEx7:1ly2PX:8pKYPl4INevgqdSzGN8e31NdY9qC9ezd9tQlouxRPQ8", "expire_date": "2021-07-13T01:19:35.370Z"}}, {"model": "sessions.session", "pk": "ive0ksvl2nmgg01q5ehqn5mpcocf03on", "fields": {"session_data": ".eJxVjDsOwjAQRO_iGln-b6Ck5wyW17vGAeRIcVIh7k4ipYBminlv5i1iWpca185zHElchBGn3w5TfnLbAT1Su08yT22ZR5S7Ig_a5W0ifl0P9--gpl63dQnBDJrtWRdwoNAwc7BKZUysSiBnrXKOPRJaXyBsoQAsMGswfiDx-QLXbTd2:1lwmoi:mN33CKfBLN42cgkFHJpWTeHDPt_WZx-BoetPPAXkVU4", "expire_date": "2021-07-09T14:28:24.183Z"}}, {"model": "sessions.session", "pk": "jkbyvrbe9lfs60ucig1dql5bi3rj69v4", "fields": {"session_data": ".eJxVjLsSwiAUBf-F2mEiQiCW9n4Dc4FLgiLM8Kgc_91E06Td3XPepFcsOlQNvS2YWrDQ0JFrKx1P5Ef1P1kh4eTADNgnpk24B6Q5U5tTK8HQLaG7rfSeHcbb3h4OFqjLuj4r4a1TI-fCCMmmgfmL8GxQo1MMRwbgjDLcc45iYmoyQkgpBRtAWTCA62nMc0i6oAsFbdO-5Be5ph7j5wt7pUzv:1ly2uR:0a77XRayLH5LNjYixDepz3yUGWKAnfoOFLOqumenoro", "expire_date": "2021-07-13T01:51:31.552Z"}}, {"model": "fantasydrag.queen", "pk": 1, "fields": {"name": "A'keria C. Davenport"}}, {"model": "fantasydrag.queen", "pk": 2, "fields": {"name": "Eureka!"}}, {"model": "fantasydrag.queen", "pk": 3, "fields": {"name": "Ginger Minj"}}, {"model": "fantasydrag.queen", "pk": 4, "fields": {"name": "Jan"}}, {"model": "fantasydrag.queen", "pk": 5, "fields": {"name": "Jiggly Caliente"}}, {"model": "fantasydrag.queen", "pk": 6, "fields": {"name": "Kylie Sonique Love"}}, {"model": "fantasydrag.queen", "pk": 7, "fields": {"name": "Pandora Boxx"}}, {"model": "fantasydrag.queen", "pk": 8, "fields": {"name": "Ra'Jah O'Hara"}}, {"model": "fantasydrag.queen", "pk": 9, "fields": {"name": "Scarlet Envy"}}, {"model": "fantasydrag.queen", "pk": 10, "fields": {"name": "Serena ChaCha"}}, {"model": "fantasydrag.queen", "pk": 11, "fields": {"name": "Silky Nutmeg Ganache"}}, {"model": "fantasydrag.queen", "pk": 12, "fields": {"name": "Trinity K. Bonet"}}, {"model": "fantasydrag.queen", "pk": 13, "fields": {"name": "Yara Sofia"}}, {"model": "fantasydrag.queen", "pk": 14, "fields": {"name": "BeBe Zahara Benet"}}, {"model": "fantasydrag.queen", "pk": 15, "fields": {"name": "Nina Flowers"}}, {"model": "fantasydrag.queen", "pk": 16, "fields": {"name": "Rebecca Glasscock"}}, {"model": "fantasydrag.queen", "pk": 17, "fields": {"name": "Shannel"}}, {"model": "fantasydrag.queen", "pk": 18, "fields": {"name": "Ongina"}}, {"model": "fantasydrag.queen", "pk": 19, "fields": {"name": "Jade"}}, {"model": "fantasydrag.queen", "pk": 20, "fields": {"name": "Akashia"}}, {"model": "fantasydrag.queen", "pk": 21, "fields": {"name": "Tammie Brown"}}, {"model": "fantasydrag.queen", "pk": 22, "fields": {"name": "Porkchop"}}, {"model": "fantasydrag.queen", "pk": 23, "fields": {"name": "Tyra Sanchez"}}, {"model": "fantasydrag.queen", "pk": 24, "fields": {"name": "Raven"}}, {"model": "fantasydrag.queen", "pk": 25, "fields": {"name": "Jujubee"}}, {"model": "fantasydrag.queen", "pk": 26, "fields": {"name": "Tatianna"}}, {"model": "fantasydrag.queen", "pk": 27, "fields": {"name": "Jessica Wild"}}, {"model": "fantasydrag.queen", "pk": 28, "fields": {"name": "Sahara Davenport"}}, {"model": "fantasydrag.queen", "pk": 29, "fields": {"name": "Morgan McMichaels"}}, {"model": "fantasydrag.queen", "pk": 30, "fields": {"name": "Sonique"}}, {"model": "fantasydrag.queen", "pk": 31, "fields": {"name": "Mystique Summers Madison"}}, {"model": "fantasydrag.queen", "pk": 32, "fields": {"name": "Nicole Paige Brooks"}}, {"model": "fantasydrag.queen", "pk": 33, "fields": {"name": "Shangela"}}, {"model": "fantasydrag.queen", "pk": 34, "fields": {"name": "Raja"}}, {"model": "fantasydrag.queen", "pk": 35, "fields": {"name": "Manila Luzon "}}, {"model": "fantasydrag.queen", "pk": 36, "fields": {"name": "Alexis Mateo"}}, {"model": "fantasydrag.queen", "pk": 37, "fields": {"name": "Carmen Carrera"}}, {"model": "fantasydrag.queen", "pk": 38, "fields": {"name": "Delta Work"}}, {"model": "fantasydrag.queen", "pk": 39, "fields": {"name": "Stacy Layne Matthews"}}, {"model": "fantasydrag.queen", "pk": 40, "fields": {"name": "Mariah"}}, {"model": "fantasydrag.queen", "pk": 41, "fields": {"name": "India Ferrah"}}, {"model": "fantasydrag.queen", "pk": 42, "fields": {"name": "Mimi Imfurst"}}, {"model": "fantasydrag.queen", "pk": 43, "fields": {"name": "Phoenix"}}, {"model": "fantasydrag.queen", "pk": 44, "fields": {"name": "Venus D-Lite "}}, {"model": "fantasydrag.queen", "pk": 45, "fields": {"name": "Sharon Needles"}}, {"model": "fantasydrag.queen", "pk": 46, "fields": {"name": "Chad Michaels"}}, {"model": "fantasydrag.queen", "pk": 47, "fields": {"name": "Phi Phi O'Hara"}}, {"model": "fantasydrag.queen", "pk": 48, "fields": {"name": "Latrice Royale"}}, {"model": "fantasydrag.queen", "pk": 49, "fields": {"name": "Kenya Michaels"}}, {"model": "fantasydrag.queen", "pk": 50, "fields": {"name": "DiDa Ritz"}}, {"model": "fantasydrag.queen", "pk": 51, "fields": {"name": "Willam"}}, {"model": "fantasydrag.queen", "pk": 52, "fields": {"name": "Milan"}}, {"model": "fantasydrag.queen", "pk": 53, "fields": {"name": "Madame LaQueer"}}, {"model": "fantasydrag.queen", "pk": 54, "fields": {"name": "The Princess"}}, {"model": "fantasydrag.queen", "pk": 55, "fields": {"name": "Lashauwn Beyond"}}, {"model": "fantasydrag.queen", "pk": 56, "fields": {"name": "Alisa Summers"}}, {"model": "fantasydrag.queen", "pk": 57, "fields": {"name": "Jinkx Monsoon"}}, {"model": "fantasydrag.queen", "pk": 58, "fields": {"name": "Alaska"}}, {"model": "fantasydrag.queen", "pk": 59, "fields": {"name": "Roxxxy Andrews"}}, {"model": "fantasydrag.queen", "pk": 60, "fields": {"name": "Detox"}}, {"model": "fantasydrag.queen", "pk": 61, "fields": {"name": "Coco Montrese"}}, {"model": "fantasydrag.queen", "pk": 62, "fields": {"name": "Alyssa Edwards"}}, {"model": "fantasydrag.queen", "pk": 63, "fields": {"name": "Ivy Winters"}}, {"model": "fantasydrag.queen", "pk": 64, "fields": {"name": "Jade Jolie"}}, {"model": "fantasydrag.queen", "pk": 65, "fields": {"name": "Lineysha Sparx"}}, {"model": "fantasydrag.queen", "pk": 66, "fields": {"name": "Vivienne Pinay"}}, {"model": "fantasydrag.queen", "pk": 67, "fields": {"name": "Honey Mahogany"}}, {"model": "fantasydrag.queen", "pk": 68, "fields": {"name": "Monica Beverly Hillz"}}, {"model": "fantasydrag.queen", "pk": 69, "fields": {"name": "Penny Tration"}}, {"model": "fantasydrag.queen", "pk": 70, "fields": {"name": "Bianca Del Rio"}}, {"model": "fantasydrag.queen", "pk": 71, "fields": {"name": "Adore Delano"}}, {"model": "fantasydrag.queen", "pk": 72, "fields": {"name": "Courtney Act"}}, {"model": "fantasydrag.queen", "pk": 73, "fields": {"name": "Darienne Lake"}}, {"model": "fantasydrag.queen", "pk": 74, "fields": {"name": "BenDeLaCreme"}}, {"model": "fantasydrag.queen", "pk": 75, "fields": {"name": "Joslyn Fox"}}, {"model": "fantasydrag.queen", "pk": 76, "fields": {"name": "Laganja Estranja"}}, {"model": "fantasydrag.queen", "pk": 77, "fields": {"name": "Milk"}}, {"model": "fantasydrag.queen", "pk": 78, "fields": {"name": "Gia Gunn"}}, {"model": "fantasydrag.queen", "pk": 79, "fields": {"name": "April Carrin"}}, {"model": "fantasydrag.queen", "pk": 80, "fields": {"name": "Vivacious"}}, {"model": "fantasydrag.queen", "pk": 81, "fields": {"name": "Magnolia Crawford"}}, {"model": "fantasydrag.queen", "pk": 82, "fields": {"name": "Kelly Mantle"}}, {"model": "fantasydrag.queen", "pk": 83, "fields": {"name": "Violet Chachkie"}}, {"model": "fantasydrag.queen", "pk": 84, "fields": {"name": "Pearl"}}, {"model": "fantasydrag.queen", "pk": 85, "fields": {"name": "Kennedy Davenport"}}, {"model": "fantasydrag.queen", "pk": 86, "fields": {"name": "Katya"}}, {"model": "fantasydrag.queen", "pk": 87, "fields": {"name": "Trixie Mattel"}}, {"model": "fantasydrag.queen", "pk": 88, "fields": {"name": "Miss Fame"}}, {"model": "fantasydrag.queen", "pk": 89, "fields": {"name": "Jaidynn Diore Fierce"}}, {"model": "fantasydrag.queen", "pk": 90, "fields": {"name": "Max"}}, {"model": "fantasydrag.queen", "pk": 91, "fields": {"name": "Kandy Ho"}}, {"model": "fantasydrag.queen", "pk": 92, "fields": {"name": "Mrs. Kasha Davis"}}, {"model": "fantasydrag.queen", "pk": 93, "fields": {"name": "Jasmine Masters"}}, {"model": "fantasydrag.queen", "pk": 94, "fields": {"name": "Sasha Belle"}}, {"model": "fantasydrag.queen", "pk": 95, "fields": {"name": "Tempest DuJour"}}, {"model": "fantasydrag.queen", "pk": 96, "fields": {"name": "Bob the Drag Queen"}}, {"model": "fantasydrag.queen", "pk": 97, "fields": {"name": "Kim Chi"}}, {"model": "fantasydrag.queen", "pk": 98, "fields": {"name": "Naomi Smalls"}}, {"model": "fantasydrag.queen", "pk": 99, "fields": {"name": "Chi Chi DeVayne"}}, {"model": "fantasydrag.queen", "pk": 100, "fields": {"name": "Derrick Barry"}}, {"model": "fantasydrag.queen", "pk": 101, "fields": {"name": "Thorgy Thor"}}, {"model": "fantasydrag.queen", "pk": 102, "fields": {"name": "Robbie Turner"}}, {"model": "fantasydrag.queen", "pk": 103, "fields": {"name": "Acid Betty"}}, {"model": "fantasydrag.queen", "pk": 104, "fields": {"name": "Naysha Lopez"}}, {"model": "fantasydrag.queen", "pk": 105, "fields": {"name": "Cynthia Lee Fontaine"}}, {"model": "fantasydrag.queen", "pk": 106, "fields": {"name": "Dax ExclamationPoint"}}, {"model": "fantasydrag.queen", "pk": 107, "fields": {"name": "Laila McQueen"}}, {"model": "fantasydrag.queen", "pk": 108, "fields": {"name": "Sasha Velour"}}, {"model": "fantasydrag.queen", "pk": 109, "fields": {"name": "Peppermint"}}, {"model": "fantasydrag.queen", "pk": 110, "fields": {"name": "Shea Coule"}}, {"model": "fantasydrag.queen", "pk": 111, "fields": {"name": "Trinity Taylor/The Tuck"}}, {"model": "fantasydrag.queen", "pk": 112, "fields": {"name": "Alexis Michelle"}}, {"model": "fantasydrag.queen", "pk": 113, "fields": {"name": "Nina Bo'nina Brown"}}, {"model": "fantasydrag.queen", "pk": 114, "fields": {"name": "Valentina"}}, {"model": "fantasydrag.queen", "pk": 115, "fields": {"name": "Farrah Moan"}}, {"model": "fantasydrag.queen", "pk": 116, "fields": {"name": "Aja"}}, {"model": "fantasydrag.queen", "pk": 118, "fields": {"name": "Charlie Hides"}}, {"model": "fantasydrag.queen", "pk": 119, "fields": {"name": "Kimora Blac"}}, {"model": "fantasydrag.queen", "pk": 120, "fields": {"name": "Jaymes Mansfield"}}, {"model": "fantasydrag.queen", "pk": 121, "fields": {"name": "Aquaria"}}, {"model": "fantasydrag.queen", "pk": 122, "fields": {"name": "Kameron Michaels"}}, {"model": "fantasydrag.queen", "pk": 123, "fields": {"name": "Asia O'Hara"}}, {"model": "fantasydrag.queen", "pk": 124, "fields": {"name": "Miz Cracker"}}, {"model": "fantasydrag.queen", "pk": 125, "fields": {"name": "Mont X Change"}}, {"model": "fantasydrag.queen", "pk": 126, "fields": {"name": "The Vixen"}}, {"model": "fantasydrag.queen", "pk": 127, "fields": {"name": "Monique Heart"}}, {"model": "fantasydrag.queen", "pk": 128, "fields": {"name": "Blair St. Clair"}}, {"model": "fantasydrag.queen", "pk": 129, "fields": {"name": "Mayhem Miller"}}, {"model": "fantasydrag.queen", "pk": 130, "fields": {"name": "Dusty Ray Bottoms"}}, {"model": "fantasydrag.queen", "pk": 131, "fields": {"name": "Yuhua Hamasaki"}}, {"model": "fantasydrag.queen", "pk": 132, "fields": {"name": "Kalorie Karbdashian Williams"}}, {"model": "fantasydrag.queen", "pk": 133, "fields": {"name": "Vanessa Vanjie Mateo"}}, {"model": "fantasydrag.queen", "pk": 134, "fields": {"name": "Yvie Oddly"}}, {"model": "fantasydrag.queen", "pk": 135, "fields": {"name": "Brooke Lynn Hytes"}}, {"model": "fantasydrag.queen", "pk": 136, "fields": {"name": "Nina West"}}, {"model": "fantasydrag.queen", "pk": 137, "fields": {"name": "Shuga Cain"}}, {"model": "fantasydrag.queen", "pk": 138, "fields": {"name": "Plastique Tiara"}}, {"model": "fantasydrag.queen", "pk": 139, "fields": {"name": "Ariel Versace"}}, {"model": "fantasydrag.queen", "pk": 140, "fields": {"name": "Mercedes Iman Diamond"}}, {"model": "fantasydrag.queen", "pk": 141, "fields": {"name": "Honey Davenport"}}, {"model": "fantasydrag.queen", "pk": 142, "fields": {"name": "Kahanna Montrese"}}, {"model": "fantasydrag.queen", "pk": 143, "fields": {"name": "Soju"}}, {"model": "fantasydrag.queen", "pk": 144, "fields": {"name": "Jaida Essence Hall"}}, {"model": "fantasydrag.queen", "pk": 145, "fields": {"name": "Crystal Methyd"}}, {"model": "fantasydrag.queen", "pk": 146, "fields": {"name": "Gigi Goode"}}, {"model": "fantasydrag.queen", "pk": 147, "fields": {"name": "Sherry Pie"}}, {"model": "fantasydrag.queen", "pk": 148, "fields": {"name": "Jackie Cox"}}, {"model": "fantasydrag.queen", "pk": 149, "fields": {"name": "Heidi N Closet"}}, {"model": "fantasydrag.queen", "pk": 150, "fields": {"name": "Widow Von'Du"}}, {"model": "fantasydrag.queen", "pk": 151, "fields": {"name": "Brita"}}, {"model": "fantasydrag.queen", "pk": 152, "fields": {"name": "Aiden Zhane"}}, {"model": "fantasydrag.queen", "pk": 153, "fields": {"name": "Nicky Doll"}}, {"model": "fantasydrag.queen", "pk": 154, "fields": {"name": "Rock M. Sakura"}}, {"model": "fantasydrag.queen", "pk": 155, "fields": {"name": "Dahlia Sin"}}, {"model": "fantasydrag.queen", "pk": 156, "fields": {"name": "Symone"}}, {"model": "fantasydrag.queen", "pk": 157, "fields": {"name": "Kandy Muse"}}, {"model": "fantasydrag.queen", "pk": 158, "fields": {"name": "Gottmik"}}, {"model": "fantasydrag.queen", "pk": 159, "fields": {"name": "Ros"}}, {"model": "fantasydrag.queen", "pk": 160, "fields": {"name": "Olivia Lux"}}, {"model": "fantasydrag.queen", "pk": 161, "fields": {"name": "Utica Queen"}}, {"model": "fantasydrag.queen", "pk": 162, "fields": {"name": "Tina Burner"}}, {"model": "fantasydrag.queen", "pk": 163, "fields": {"name": "Denali"}}, {"model": "fantasydrag.queen", "pk": 164, "fields": {"name": "Elliott with 2 Ts"}}, {"model": "fantasydrag.queen", "pk": 165, "fields": {"name": "LaLa Ri"}}, {"model": "fantasydrag.queen", "pk": 166, "fields": {"name": "Tamisha Iman"}}, {"model": "fantasydrag.queen", "pk": 167, "fields": {"name": "Joey Jay"}}, {"model": "fantasydrag.queen", "pk": 168, "fields": {"name": "Kahmora Hall"}}, {"model": "fantasydrag.dragrace", "pk": 1, "fields": {"season": 6, "race_type": "all star", "franchise": "US", "queens": [1, 2, 3, 4, 5, 6, 7, 8, 9, 10, 11, 12, 13]}}, {"model": "fantasydrag.episode", "pk": 1, "fields": {"drag_race": 1, "number": 1, "title": "All Star Variety Extravaganza", "is_scored": true}}, {"model": "fantasydrag.episode", "pk": 2, "fields": {"drag_race": 1, "number": 2, "title": "The Blue Ball", "is_scored": true}}, {"model": "fantasydrag.episode", "pk": 3, "fields": {"drag_race": 1, "number": 3, "title": null, "is_scored": false}}, {"model": "fantasydrag.episode", "pk": 4, "fields": {"drag_race": 1, "number": 4, "title": null, "is_scored": false}}, {"model": "fantasydrag.episode", "pk": 5, "fields": {"drag_race": 1, "number": 5, "title": null, "is_scored": false}}, {"model": "fantasydrag.episode", "pk": 6, "fields": {"drag_race": 1, "number": 7, "title": null, "is_scored": false}}, {"model": "fantasydrag.episode", "pk": 7, "fields": {"drag_race": 1, "number": 8, "title": null, "is_scored": false}}, {"model": "fantasydrag.episode", "pk": 8, "fields": {"drag_race": 1, "number": 9, "title": null, "is_scored": false}}, {"model": "fantasydrag.episode", "pk": 9, "fields": {"drag_race": 1, "number": 10, "title": null, "is_scored": false}}, {"model": "fantasydrag.episode", "pk": 10, "fields": {"drag_race": 1, "number": 11, "title": null, "is_scored": false}}, {"model": "fantasydrag.episode", "pk": 11, "fields": {"drag_race": 1, "number": 12, "title": null, "is_scored": false}}, {"model": "fantasydrag.episode", "pk": 12, "fields": {"drag_race": 1, "number": 6, "title": null, "is_scored": false}}, {"model": "fantasydrag.rule", "pk": 1, "fields": {"drag_race": 1, "name": "Shantay You Stay", "description": "Queen wins a lip sync (either in a LSFYL or against a lip sync assassin)", "point_value": 1, "score_type": "episode"}}, {"model": "fantasydrag.rule", "pk": 2, "fields": {"drag_race": 1, "name": "Safe is a Dirty Word", "description": "Queen is safe in main challenge", "point_value": 2, "score_type": "episode"}}, {"model": "fantasydrag.rule", "pk": 3, "fields": {"drag_race": 1, "name": "You're a Winner, Baby!", "description": "Queen wins the main challenge", "point_value": 4, "score_type": "episode"}}, {"model": "fantasydrag.rule", "pk": 4, "fields": {"drag_race": 1, "name": "Sashay Away", "description": "Queen is eliminated, either from a LSFYL or a a lip stick vote off", "point_value": 0, "score_type": "episode"}}, {"model": "fantasydrag.rule", "pk": 5, "fields": {"drag_race": 1, "name": "Mini Challenge", "description": "Queen wins a mini challenge", "point_value": 2, "score_type": "episode"}}, {"model": "fantasydrag.rule", "pk": 6, "fields": {"drag_race": 1, "name": "Rudemption!", "description": "Queen returns to the season for their Rudemption", "point_value": 5, "score_type": "episode"}}, {"model": "fantasydrag.rule", "pk": 7, "fields": {"drag_race": 1, "name": "Double Shantay", "description": "Queen LSFYL or against a LSA, and both contestants win", "point_value": 2, "score_type": "episode"}}, {"model": "fantasydrag.rule", "pk": 8, "fields": {"drag_race": 1, "name": "Double Sashay", "description": "Queen lip syncs and both contestants are eliminated", "point_value": -3, "score_type": "episode"}}, {"model": "fantasydrag.rule", "pk": 9, "fields": {"drag_race": 1, "name": "Prance, My Queen!", "description": "All hail the queen! This Queen won the season!", "point_value": 9, "score_type": "season"}}, {"model": "fantasydrag.rule", "pk": 11, "fields": {"drag_race": 1, "name": "Season Top 4", "description": "Queen made it to top 4 of the season", "point_value": 1, "score_type": "season"}}, {"model": "fantasydrag.rule", "pk": 12, "fields": {"drag_race": 1, "name": "Season Top 3", "description": "Queen made it to top 3 of the season", "point_value": 2, "score_type": "season"}}, {"model": "fantasydrag.rule", "pk": 13, "fields": {"drag_race": 1, "name": "Season Runner Up", "description": "Queen is the runner up for the crown!", "point_value": 5, "score_type": "season"}}, {"model": "fantasydrag.rule", "pk": 14, "fields": {"drag_race": 1, "name": "Main Challenge Runner Up", "description": "Queen is a runner up for the main challenge (not safe, but not in danger of LSFYL or Lip Stick vote off)", "point_value": 3, "score_type": "episode"}}, {"model": "fantasydrag.rule", "pk": 15, "fields": {"drag_race": 1, "name": "Snatched for the Gods", "description": "Snatch Game Winner  (in addition to basic main challenge score)", "point_value": 2, "score_type": "episode"}}, {"model": "fantasydrag.rule", "pk": 16, "fields": {"drag_race": 1, "name": "Reading is Fundamental", "description": "Reading mini-challenge winner (in addition to basic mini challenge score)", "point_value": 1, "score_type": "episode"}}, {"model": "fantasydrag.rule", "pk": 18, "fields": {"drag_race": 1, "name": "Escandalo!", "description": "Queen is suddenly eliminated for breaking rules", "point_value": -5, "score_type": "episode"}}, {"model": "fantasydrag.rule", "pk": 19, "fields": {"drag_race": 1, "name": "Rumocracy Rules", "description": "Queen was up for a lip stick vote and stays in the competition", "point_value": 1, "score_type": "episode"}}, {"model": "fantasydrag.score", "pk": 1, "fields": {"episode": 1, "queen": 3, "rule": 5}}, {"model": "fantasydrag.score", "pk": 2, "fields": {"episode": 1, "queen": 3, "rule": 16}}, {"model": "fantasydrag.score", "pk": 3, "fields": {"episode": 1, "queen": 2, "rule": 2}}, {"model": "fantasydrag.score", "pk": 4, "fields": {"episode": 1, "queen": 1, "rule": 2}}, {"model": "fantasydrag.score", "pk": 5, "fields": {"episode": 1, "queen": 5, "rule": 2}}, {"model": "fantasydrag.score", "pk": 6, "fields": {"episode": 1, "queen": 4, "rule": 2}}, {"model": "fantasydrag.score", "pk": 7, "fields": {"episode": 1, "queen": 6, "rule": 2}}, {"model": "fantasydrag.score", "pk": 8, "fields": {"episode": 1, "queen": 9, "rule": 2}}, {"model": "fantasydrag.score", "pk": 9, "fields": {"episode": 1, "queen": 3, "rule": 2}}, {"model": "fantasydrag.score", "pk": 10, "fields": {"episode": 1, "queen": 13, "rule": 3}}, {"model": "fantasydrag.score", "pk": 11, "fields": {"episode": 1, "queen": 7, "rule": 14}}, {"model": "fantasydrag.score", "pk": 12, "fields": {"episode": 1, "queen": 8, "rule": 14}}, {"model": "fantasydrag.score", "pk": 13, "fields": {"episode": 1, "queen": 11, "rule": 2}}, {"model": "fantasydrag.score", "pk": 14, "fields": {"episode": 1, "queen": 10, "rule": 4}}, {"model": "fantasydrag.score", "pk": 15, "fields": {"episode": 2, "queen": 8, "rule": 3}}, {"model": "fantasydrag.score", "pk": 19, "fields": {"episode": 2, "queen": 4, "rule": 2}}, {"model": "fantasydrag.score", "pk": 20, "fields": {"episode": 2, "queen": 11, "rule": 2}}, {"model": "fantasydrag.score", "pk": 21, "fields": {"episode": 2, "queen": 9, "rule": 2}}, {"model": "fantasydrag.score", "pk": 22, "fields": {"episode": 2, "queen": 7, "rule": 2}}, {"model": "fantasydrag.score", "pk": 23, "fields": {"episode": 2, "queen": 3, "rule": 2}}, {"model": "fantasydrag.score", "pk": 24, "fields": {"episode": 2, "queen": 12, "rule": 2}}, {"model": "fantasydrag.score", "pk": 25, "fields": {"episode": 2, "queen": 2, "rule": 14}}, {"model": "fantasydrag.score", "pk": 26, "fields": {"episode": 2, "queen": 6, "rule": 14}}, {"model": "fantasydrag.score", "pk": 27, "fields": {"episode": 2, "queen": 1, "rule": 2}}, {"model": "fantasydrag.score", "pk": 29, "fields": {"episode": 2, "queen": 5, "rule": 4}}, {"model": "fantasydrag.score", "pk": 32, "fields": {"episode": 2, "queen": 8, "rule": 7}}, {"model": "fantasydrag.score", "pk": 34, "fields": {"episode": 2, "queen": 13, "rule": 19}}, {"model": "fantasydrag.score", "pk": 35, "fields": {"episode": 1, "queen": 12, "rule": 19}}, {"model": "fantasydrag.participant", "pk": 1, "fields": {"name": "Bo", "user": 1, "site_admin": true, "episodes": [1, 2]}}, {"model": "fantasydrag.participant", "pk": 2, "fields": {"name": "Chelsea", "user": 2, "site_admin": false, "episodes": [1, 2]}}, {"model": "fantasydrag.participant", "pk": 3, "fields": {"name": "Kristen", "user": 4, "site_admin": false, "episodes": [1, 2]}}, {"model": "fantasydrag.participant", "pk": 4, "fields": {"name": "Kirsten", "user": 3, "site_admin": false, "episodes": [1, 2]}}, {"model": "fantasydrag.participant", "pk": 5, "fields": {"name": "Ata", "user": 6, "site_admin": false, "episodes": [1]}}, {"model": "fantasydrag.participant", "pk": 6, "fields": {"name": "Katelyn", "user": 5, "site_admin": false, "episodes": []}}, {"model": "fantasydrag.panel", "pk": 1, "fields": {"name": "Team Porkchop", "drag_race": 1, "queen_draft_allowance": 2, "draft_data": {"round 1": [3, 4, 6, 1, 5, 2], "round 2": [3, 4, 6, 1, 5, 2], "round 3": [3, 4, 6, 1, 5, 2], "round 4": [3, 4, 6, 1, 5, 2], "draft_index": 4, "can_end_draft": true, "participant_order": [3, 4, 6, 1, 5, 2], "current_participant": 2, "can_go_to_next_round": true}, "status": "active", "participants": [1, 2, 3, 4, 5, 6], "captains": [1]}}, {"model": "fantasydrag.draft", "pk": 1326, "fields": {"participant": 3, "queen": 3, "panel": 1, "round_selected": 1}}, {"model": "fantasydrag.draft", "pk": 1327, "fields": {"participant": 4, "queen": 2, "panel": 1, "round_selected": 1}}, {"model": "fantasydrag.draft", "pk": 1328, "fields": {"participant": 6, "queen": 1, "panel": 1, "round_selected": 1}}, {"model": "fantasydrag.draft", "pk": 1329, "fields": {"participant": 1, "queen": 5, "panel": 1, "round_selected": 1}}, {"model": "fantasydrag.draft", "pk": 1330, "fields": {"participant": 5, "queen": 2, "panel": 1, "round_selected": 1}}, {"model": "fantasydrag.draft", "pk": 1331, "fields": {"participant": 2, "queen": 5, "panel": 1, "round_selected": 1}}, {"model": "fantasydrag.draft", "pk": 1332, "fields": {"participant": 2, "queen": 12, "panel": 1, "round_selected": 1}}, {"model": "fantasydrag.draft", "pk": 1333, "fields": {"participant": 5, "queen": 3, "panel": 1, "round_selected": 1}}, {"model": "fantasydrag.draft", "pk": 1334, "fields": {"participant": 3, "queen": 11, "panel": 1, "round_selected": 2}}, {"model": "fantasydrag.draft", "pk": 1335, "fields": {"participant": 4, "queen": 11, "panel": 1, "round_selected": 2}}, {"model": "fantasydrag.draft", "pk": 1336, "fields": {"participant": 6, "queen": 9, "panel": 1, "round_selected": 2}}, {"model": "fantasydrag.draft", "pk": 1337, "fields": {"participant": 1, "queen": 4, "panel": 1, "round_selected": 2}}, {"model": "fantasydrag.draft", "pk": 1338, "fields": {"participant": 5, "queen": 1, "panel": 1, "round_selected": 2}}, {"model": "fantasydrag.draft", "pk": 1339, "fields": {"participant": 2, "queen": 10, "panel": 1, "round_selected": 2}}, {"model": "fantasydrag.draft", "pk": 1340, "fields": {"participant": 3, "queen": 4, "panel": 1, "round_selected": 3}}, {"model": "fantasydrag.draft", "pk": 1341, "fields": {"participant": 4, "queen": 9, "panel": 1, "round_selected": 3}}, {"model": "fantasydrag.draft", "pk": 1342, "fields": {"participant": 6, "queen": 6, "panel": 1, "round_selected": 3}}, {"model": "fantasydrag.draft", "pk": 1343, "fields": {"participant": 1, "queen": 7, "panel": 1, "round_selected": 3}}, {"model": "fantasydrag.draft", "pk": 1344, "fields": {"participant": 5, "queen": 13, "panel": 1, "round_selected": 3}}, {"model": "fantasydrag.draft", "pk": 1345, "fields": {"participant": 2, "queen": 13, "panel": 1, "round_selected": 3}}, {"model": "fantasydrag.draft", "pk": 1346, "fields": {"participant": 3, "queen": 10, "panel": 1, "round_selected": 4}}, {"model": "fantasydrag.draft", "pk": 1347, "fields": {"participant": 4, "queen": 8, "panel": 1, "round_selected": 4}}, {"model": "fantasydrag.draft", "pk": 1348, "fields": {"participant": 6, "queen": 7, "panel": 1, "round_selected": 4}}, {"model": "fantasydrag.draft", "pk": 1349, "fields": {"participant": 1, "queen": 12, "panel": 1, "round_selected": 4}}, {"model": "fantasydrag.draft", "pk": 1350, "fields": {"participant": 5, "queen": 8, "panel": 1, "round_selected": 4}}, {"model": "fantasydrag.draft", "pk": 1351, "fields": {"participant": 2, "queen": 6, "panel": 1, "round_selected": 4}}, {"model": "fantasydrag.wildcardqueen", "pk": 1, "fields": {"participant": 2, "queen": 157, "panel": 1}}, {"model": "fantasydrag.wildcardqueen", "pk": 2, "fields": {"participant": 2, "queen": 149, "panel": 1}}, {"model": "fantasydrag.wildcardqueen", "pk": 3, "fields": {"participant": 2, "queen": 125, "panel": 1}}, {"model": "fantasydrag.wildcardqueen", "pk": 4, "fields": {"participant": 2, "queen": 114, "panel": 1}}, {"model": "fantasydrag.wildcardqueen", "pk": 5, "fields": {"participant": 2, "queen": 59, "panel": 1}}, {"model": "fantasydrag.wildcardqueen", "pk": 6, "fields": {"participant": 5, "queen": 146, "panel": 1}}, {"model": "fantasydrag.wildcardqueen", "pk": 7, "fields": {"participant": 5, "queen": 134, "panel": 1}}, {"model": "fantasydrag.wildcardqueen", "pk": 8, "fields": {"participant": 5, "queen": 62, "panel": 1}}, {"model": "fantasydrag.wildcardqueen", "pk": 9, "fields": {"participant": 5, "queen": 58, "panel": 1}}, {"model": "fantasydrag.wildcardqueen", "pk": 10, "fields": {"participant": 5, "queen": 46, "panel": 1}}, {"model": "fantasydrag.wildcardqueen", "pk": 11, "fields": {"participant": 6, "queen": 158, "panel": 1}}, {"model": "fantasydrag.wildcardqueen", "pk": 12, "fields": {"participant": 6, "queen": 133, "panel": 1}}, {"model": "fantasydrag.wildcardqueen", "pk": 13, "fields": {"participant": 6, "queen": 96, "panel": 1}}, {"model": "fantasydrag.wildcardqueen", "pk": 14, "fields": {"participant": 6, "queen": 83, "panel": 1}}, {"model": "fantasydrag.wildcardqueen", "pk": 15, "fields": {"participant": 6, "queen": 24, "panel": 1}}, {"model": "fantasydrag.wildcardqueen", "pk": 16, "fields": {"participant": 1, "queen": 111, "panel": 1}}, {"model": "fantasydrag.wildcardqueen", "pk": 17, "fields": {"participant": 1, "queen": 100, "panel": 1}}, {"model": "fantasydrag.wildcardqueen", "pk": 18, "fields": {"participant": 1, "queen": 87, "panel": 1}}, {"model": "fantasydrag.wildcardqueen", "pk": 19, "fields": {"participant": 1, "queen": 85, "panel": 1}}, {"model": "fantasydrag.wildcardqueen", "pk": 20, "fields": {"participant": 1, "queen": 48, "panel": 1}}, {"model": "fantasydrag.wildcardqueen", "pk": 21, "fields": {"participant": 4, "queen": 150, "panel": 1}}, {"model": "fantasydrag.wildcardqueen", "pk": 22, "fields": {"participant": 4, "queen": 144, "panel": 1}}, {"model": "fantasydrag.wildcardqueen", "pk": 23, "fields": {"participant": 4, "queen": 123, "panel": 1}}, {"model": "fantasydrag.wildcardqueen", "pk": 24, "fields": {"participant": 4, "queen": 110, "panel": 1}}, {"model": "fantasydrag.wildcardqueen", "pk": 25, "fields": {"participant": 4, "queen": 33, "panel": 1}}, {"model": "fantasydrag.wildcardqueen", "pk": 26, "fields": {"participant": 3, "queen": 70, "panel": 1}}, {"model": "fantasydrag.wildcardqueen", "pk": 27, "fields": {"participant": 3, "queen": 74, "panel": 1}}, {"model": "fantasydrag.wildcardqueen", "pk": 28, "fields": {"participant": 3, "queen": 86, "panel": 1}}, {"model": "fantasydrag.wildcardqueen", "pk": 29, "fields": {"participant": 3, "queen": 135, "panel": 1}}, {"model": "fantasydrag.wildcardqueen", "pk": 30, "fields": {"participant": 3, "queen": 156, "panel": 1}}, {"model": "fantasydrag.appearancetype", "pk": 1, "fields": {"name": "Flashback", "point_value": "0.5", "description": "Queen appears in a flashback"}}, {"model": "fantasydrag.appearancetype", "pk": 2, "fields": {"name": "In-person", "point_value": "1.0", "description": "Queen appears on the show in-person or on a TV call"}}, {"model": "fantasydrag.appearancetype", "pk": 3, "fields": {"name": "Lip Sync Assassin", "point_value": "3.0", "description": "Queen appears as a lip sync assassin in a LSFYL(egacy)"}}, {"model": "fantasydrag.wildcardappearance", "pk": 1, "fields": {"queen": 135, "episode": 2, "appearance": 3}}, {"model": "fantasydrag.wildcardappearance", "pk": 2, "fields": {"queen": 93, "episode": 1, "appearance": 1}}, {"model": "fantasydrag.wildcardappearance", "pk": 3, "fields": {"queen": 100, "episode": 1, "appearance": 1}}, {"model": "fantasydrag.wildcardappearance", "pk": 4, "fields": {"queen": 61, "episode": 1, "appearance": 3}}]