[{"model": "fantasydrag.queen", "pk": 1, "fields": {"name": "A'keria C. Davenport", "main_franchise": "US"}}, {"model": "fantasydrag.queen", "pk": 2, "fields": {"name": "Eureka!", "main_franchise": "US"}}, {"model": "fantasydrag.queen", "pk": 3, "fields": {"name": "Ginger Minj", "main_franchise": "US"}}, {"model": "fantasydrag.queen", "pk": 4, "fields": {"name": "Jan", "main_franchise": "US"}}, {"model": "fantasydrag.queen", "pk": 5, "fields": {"name": "Jiggly Caliente", "main_franchise": "US"}}, {"model": "fantasydrag.queen", "pk": 6, "fields": {"name": "Kylie Sonique Love", "main_franchise": "US"}}, {"model": "fantasydrag.queen", "pk": 7, "fields": {"name": "Pandora Boxx", "main_franchise": "US"}}, {"model": "fantasydrag.queen", "pk": 8, "fields": {"name": "Ra'Jah O'Hara", "main_franchise": "US"}}, {"model": "fantasydrag.queen", "pk": 9, "fields": {"name": "Scarlet Envy", "main_franchise": "US"}}, {"model": "fantasydrag.queen", "pk": 10, "fields": {"name": "Serena ChaCha", "main_franchise": "US"}}, {"model": "fantasydrag.queen", "pk": 11, "fields": {"name": "Silky Nutmeg Ganache", "main_franchise": "US"}}, {"model": "fantasydrag.queen", "pk": 12, "fields": {"name": "Trinity K. Bonet", "main_franchise": "US"}}, {"model": "fantasydrag.queen", "pk": 13, "fields": {"name": "Yara Sofia", "main_franchise": "US"}}, {"model": "fantasydrag.queen", "pk": 14, "fields": {"name": "BeBe Zahara Benet", "main_franchise": "US"}}, {"model": "fantasydrag.queen", "pk": 15, "fields": {"name": "Nina Flowers", "main_franchise": "US"}}, {"model": "fantasydrag.queen", "pk": 16, "fields": {"name": "Rebecca Glasscock", "main_franchise": "US"}}, {"model": "fantasydrag.queen", "pk": 17, "fields": {"name": "Shannel", "main_franchise": "US"}}, {"model": "fantasydrag.queen", "pk": 18, "fields": {"name": "Ongina", "main_franchise": "US"}}, {"model": "fantasydrag.queen", "pk": 19, "fields": {"name": "Jade", "main_franchise": "US"}}, {"model": "fantasydrag.queen", "pk": 20, "fields": {"name": "Akashia", "main_franchise": "US"}}, {"model": "fantasydrag.queen", "pk": 21, "fields": {"name": "Tammie Brown", "main_franchise": "US"}}, {"model": "fantasydrag.queen", "pk": 22, "fields": {"name": "Porkchop", "main_franchise": "US"}}, {"model": "fantasydrag.queen", "pk": 23, "fields": {"name": "Tyra Sanchez", "main_franchise": "US"}}, {"model": "fantasydrag.queen", "pk": 24, "fields": {"name": "Raven", "main_franchise": "US"}}, {"model": "fantasydrag.queen", "pk": 25, "fields": {"name": "Jujubee", "main_franchise": "US"}}, {"model": "fantasydrag.queen", "pk": 26, "fields": {"name": "Tatianna", "main_franchise": "US"}}, {"model": "fantasydrag.queen", "pk": 27, "fields": {"name": "Jessica Wild", "main_franchise": "US"}}, {"model": "fantasydrag.queen", "pk": 28, "fields": {"name": "Sahara Davenport", "main_franchise": "US"}}, {"model": "fantasydrag.queen", "pk": 29, "fields": {"name": "Morgan McMichaels", "main_franchise": "US"}}, {"model": "fantasydrag.queen", "pk": 31, "fields": {"name": "Mystique Summers Madison", "main_franchise": "US"}}, {"model": "fantasydrag.queen", "pk": 32, "fields": {"name": "Nicole Paige Brooks", "main_franchise": "US"}}, {"model": "fantasydrag.queen", "pk": 33, "fields": {"name": "Shangela", "main_franchise": "US"}}, {"model": "fantasydrag.queen", "pk": 34, "fields": {"name": "Raja", "main_franchise": "US"}}, {"model": "fantasydrag.queen", "pk": 35, "fields": {"name": "Manila Luzon ", "main_franchise": "US"}}, {"model": "fantasydrag.queen", "pk": 36, "fields": {"name": "Alexis Mateo", "main_franchise": "US"}}, {"model": "fantasydrag.queen", "pk": 37, "fields": {"name": "Carmen Carrera", "main_franchise": "US"}}, {"model": "fantasydrag.queen", "pk": 38, "fields": {"name": "Delta Work", "main_franchise": "US"}}, {"model": "fantasydrag.queen", "pk": 39, "fields": {"name": "Stacy Layne Matthews", "main_franchise": "US"}}, {"model": "fantasydrag.queen", "pk": 40, "fields": {"name": "Mariah", "main_franchise": "US"}}, {"model": "fantasydrag.queen", "pk": 41, "fields": {"name": "India Ferrah", "main_franchise": "US"}}, {"model": "fantasydrag.queen", "pk": 42, "fields": {"name": "Mimi Imfurst", "main_franchise": "US"}}, {"model": "fantasydrag.queen", "pk": 43, "fields": {"name": "Phoenix", "main_franchise": "US"}}, {"model": "fantasydrag.queen", "pk": 44, "fields": {"name": "Venus D-Lite ", "main_franchise": "US"}}, {"model": "fantasydrag.queen", "pk": 45, "fields": {"name": "Sharon Needles", "main_franchise": "US"}}, {"model": "fantasydrag.queen", "pk": 46, "fields": {"name": "Chad Michaels", "main_franchise": "US"}}, {"model": "fantasydrag.queen", "pk": 47, "fields": {"name": "Phi Phi O'Hara", "main_franchise": "US"}}, {"model": "fantasydrag.queen", "pk": 48, "fields": {"name": "Latrice Royale", "main_franchise": "US"}}, {"model": "fantasydrag.queen", "pk": 49, "fields": {"name": "Kenya Michaels", "main_franchise": "US"}}, {"model": "fantasydrag.queen", "pk": 50, "fields": {"name": "DiDa Ritz", "main_franchise": "US"}}, {"model": "fantasydrag.queen", "pk": 51, "fields": {"name": "Willam", "main_franchise": "US"}}, {"model": "fantasydrag.queen", "pk": 52, "fields": {"name": "Milan", "main_franchise": "US"}}, {"model": "fantasydrag.queen", "pk": 53, "fields": {"name": "Madame LaQueer", "main_franchise": "US"}}, {"model": "fantasydrag.queen", "pk": 54, "fields": {"name": "The Princess", "main_franchise": "US"}}, {"model": "fantasydrag.queen", "pk": 55, "fields": {"name": "Lashauwn Beyond", "main_franchise": "US"}}, {"model": "fantasydrag.queen", "pk": 56, "fields": {"name": "Alisa Summers", "main_franchise": "US"}}, {"model": "fantasydrag.queen", "pk": 57, "fields": {"name": "Jinkx Monsoon", "main_franchise": "US"}}, {"model": "fantasydrag.queen", "pk": 58, "fields": {"name": "Alaska", "main_franchise": "US"}}, {"model": "fantasydrag.queen", "pk": 59, "fields": {"name": "Roxxxy Andrews", "main_franchise": "US"}}, {"model": "fantasydrag.queen", "pk": 60, "fields": {"name": "Detox", "main_franchise": "US"}}, {"model": "fantasydrag.queen", "pk": 61, "fields": {"name": "Coco Montrese", "main_franchise": "US"}}, {"model": "fantasydrag.queen", "pk": 62, "fields": {"name": "Alyssa Edwards", "main_franchise": "US"}}, {"model": "fantasydrag.queen", "pk": 63, "fields": {"name": "Ivy Winters", "main_franchise": "US"}}, {"model": "fantasydrag.queen", "pk": 64, "fields": {"name": "Jade Jolie", "main_franchise": "US"}}, {"model": "fantasydrag.queen", "pk": 65, "fields": {"name": "Lineysha Sparx", "main_franchise": "US"}}, {"model": "fantasydrag.queen", "pk": 66, "fields": {"name": "Vivienne Pinay", "main_franchise": "US"}}, {"model": "fantasydrag.queen", "pk": 67, "fields": {"name": "Honey Mahogany", "main_franchise": "US"}}, {"model": "fantasydrag.queen", "pk": 68, "fields": {"name": "Monica Beverly Hillz", "main_franchise": "US"}}, {"model": "fantasydrag.queen", "pk": 69, "fields": {"name": "Penny Tration", "main_franchise": "US"}}, {"model": "fantasydrag.queen", "pk": 70, "fields": {"name": "Bianca Del Rio", "main_franchise": "US"}}, {"model": "fantasydrag.queen", "pk": 71, "fields": {"name": "Adore Delano", "main_franchise": "US"}}, {"model": "fantasydrag.queen", "pk": 72, "fields": {"name": "Courtney Act", "main_franchise": "US"}}, {"model": "fantasydrag.queen", "pk": 73, "fields": {"name": "Darienne Lake", "main_franchise": "US"}}, {"model": "fantasydrag.queen", "pk": 74, "fields": {"name": "BenDeLaCreme", "main_franchise": "US"}}, {"model": "fantasydrag.queen", "pk": 75, "fields": {"name": "Joslyn Fox", "main_franchise": "US"}}, {"model": "fantasydrag.queen", "pk": 76, "fields": {"name": "Laganja Estranja", "main_franchise": "US"}}, {"model": "fantasydrag.queen", "pk": 77, "fields": {"name": "Milk", "main_franchise": "US"}}, {"model": "fantasydrag.queen", "pk": 78, "fields": {"name": "Gia Gunn", "main_franchise": "US"}}, {"model": "fantasydrag.queen", "pk": 79, "fields": {"name": "April Carrión", "main_franchise": "US"}}, {"model": "fantasydrag.queen", "pk": 80, "fields": {"name": "Vivacious", "main_franchise": "US"}}, {"model": "fantasydrag.queen", "pk": 81, "fields": {"name": "Magnolia Crawford", "main_franchise": "US"}}, {"model": "fantasydrag.queen", "pk": 82, "fields": {"name": "Kelly Mantle", "main_franchise": "US"}}, {"model": "fantasydrag.queen", "pk": 83, "fields": {"name": "Violet Chachkie", "main_franchise": "US"}}, {"model": "fantasydrag.queen", "pk": 84, "fields": {"name": "Pearl", "main_franchise": "US"}}, {"model": "fantasydrag.queen", "pk": 85, "fields": {"name": "Kennedy Davenport", "main_franchise": "US"}}, {"model": "fantasydrag.queen", "pk": 86, "fields": {"name": "Katya", "main_franchise": "US"}}, {"model": "fantasydrag.queen", "pk": 87, "fields": {"name": "Trixie Mattel", "main_franchise": "US"}}, {"model": "fantasydrag.queen", "pk": 88, "fields": {"name": "Miss Fame", "main_franchise": "US"}}, {"model": "fantasydrag.queen", "pk": 89, "fields": {"name": "Jaidynn Diore Fierce", "main_franchise": "US"}}, {"model": "fantasydrag.queen", "pk": 90, "fields": {"name": "Max", "main_franchise": "US"}}, {"model": "fantasydrag.queen", "pk": 91, "fields": {"name": "Kandy Ho", "main_franchise": "US"}}, {"model": "fantasydrag.queen", "pk": 92, "fields": {"name": "Mrs. Kasha Davis", "main_franchise": "US"}}, {"model": "fantasydrag.queen", "pk": 93, "fields": {"name": "Jasmine Masters", "main_franchise": "US"}}, {"model": "fantasydrag.queen", "pk": 94, "fields": {"name": "Sasha Belle", "main_franchise": "US"}}, {"model": "fantasydrag.queen", "pk": 95, "fields": {"name": "Tempest DuJour", "main_franchise": "US"}}, {"model": "fantasydrag.queen", "pk": 96, "fields": {"name": "Bob the Drag Queen", "main_franchise": "US"}}, {"model": "fantasydrag.queen", "pk": 97, "fields": {"name": "Kim Chi", "main_franchise": "US"}}, {"model": "fantasydrag.queen", "pk": 98, "fields": {"name": "Naomi Smalls", "main_franchise": "US"}}, {"model": "fantasydrag.queen", "pk": 99, "fields": {"name": "Chi Chi DeVayne", "main_franchise": "US"}}, {"model": "fantasydrag.queen", "pk": 100, "fields": {"name": "Derrick Barry", "main_franchise": "US"}}, {"model": "fantasydrag.queen", "pk": 101, "fields": {"name": "Thorgy Thor", "main_franchise": "US"}}, {"model": "fantasydrag.queen", "pk": 102, "fields": {"name": "Robbie Turner", "main_franchise": "US"}}, {"model": "fantasydrag.queen", "pk": 103, "fields": {"name": "Acid Betty", "main_franchise": "US"}}, {"model": "fantasydrag.queen", "pk": 104, "fields": {"name": "Naysha Lopez", "main_franchise": "US"}}, {"model": "fantasydrag.queen", "pk": 105, "fields": {"name": "Cynthia Lee Fontaine", "main_franchise": "US"}}, {"model": "fantasydrag.queen", "pk": 106, "fields": {"name": "Dax ExclamationPoint", "main_franchise": "US"}}, {"model": "fantasydrag.queen", "pk": 107, "fields": {"name": "Laila McQueen", "main_franchise": "US"}}, {"model": "fantasydrag.queen", "pk": 108, "fields": {"name": "Sasha Velour", "main_franchise": "US"}}, {"model": "fantasydrag.queen", "pk": 109, "fields": {"name": "Peppermint", "main_franchise": "US"}}, {"model": "fantasydrag.queen", "pk": 110, "fields": {"name": "Shea Couleé", "main_franchise": "US"}}, {"model": "fantasydrag.queen", "pk": 111, "fields": {"name": "Trinity Taylor/The Tuck", "main_franchise": "US"}}, {"model": "fantasydrag.queen", "pk": 112, "fields": {"name": "Alexis Michelle", "main_franchise": "US"}}, {"model": "fantasydrag.queen", "pk": 113, "fields": {"name": "Nina Bo'nina Brown", "main_franchise": "US"}}, {"model": "fantasydrag.queen", "pk": 114, "fields": {"name": "Valentina", "main_franchise": "US"}}, {"model": "fantasydrag.queen", "pk": 115, "fields": {"name": "Farrah Moan", "main_franchise": "US"}}, {"model": "fantasydrag.queen", "pk": 116, "fields": {"name": "Aja", "main_franchise": "US"}}, {"model": "fantasydrag.queen", "pk": 118, "fields": {"name": "Charlie Hides", "main_franchise": "US"}}, {"model": "fantasydrag.queen", "pk": 119, "fields": {"name": "Kimora Blac", "main_franchise": "US"}}, {"model": "fantasydrag.queen", "pk": 120, "fields": {"name": "Jaymes Mansfield", "main_franchise": "US"}}, {"model": "fantasydrag.queen", "pk": 121, "fields": {"name": "Aquaria", "main_franchise": "US"}}, {"model": "fantasydrag.queen", "pk": 122, "fields": {"name": "Kameron Michaels", "main_franchise": "US"}}, {"model": "fantasydrag.queen", "pk": 123, "fields": {"name": "Asia O'Hara", "main_franchise": "US"}}, {"model": "fantasydrag.queen", "pk": 124, "fields": {"name": "Miz Cracker", "main_franchise": "US"}}, {"model": "fantasydrag.queen", "pk": 125, "fields": {"name": "Monét X Change", "main_franchise": "US"}}, {"model": "fantasydrag.queen", "pk": 126, "fields": {"name": "The Vixen", "main_franchise": "US"}}, {"model": "fantasydrag.queen", "pk": 127, "fields": {"name": "Monique Heart", "main_franchise": "US"}}, {"model": "fantasydrag.queen", "pk": 128, "fields": {"name": "Blair St. Clair", "main_franchise": "US"}}, {"model": "fantasydrag.queen", "pk": 129, "fields": {"name": "Mayhem Miller", "main_franchise": "US"}}, {"model": "fantasydrag.queen", "pk": 130, "fields": {"name": "Dusty Ray Bottoms", "main_franchise": "US"}}, {"model": "fantasydrag.queen", "pk": 131, "fields": {"name": "Yuhua Hamasaki", "main_franchise": "US"}}, {"model": "fantasydrag.queen", "pk": 132, "fields": {"name": "Kalorie Karbdashian Williams", "main_franchise": "US"}}, {"model": "fantasydrag.queen", "pk": 133, "fields": {"name": "Vanessa Vanjie Mateo", "main_franchise": "US"}}, {"model": "fantasydrag.queen", "pk": 134, "fields": {"name": "Yvie Oddly", "main_franchise": "US"}}, {"model": "fantasydrag.queen", "pk": 135, "fields": {"name": "Brooke Lynn Hytes", "main_franchise": "US"}}, {"model": "fantasydrag.queen", "pk": 136, "fields": {"name": "Nina West", "main_franchise": "US"}}, {"model": "fantasydrag.queen", "pk": 137, "fields": {"name": "Shuga Cain", "main_franchise": "US"}}, {"model": "fantasydrag.queen", "pk": 138, "fields": {"name": "Plastique Tiara", "main_franchise": "US"}}, {"model": "fantasydrag.queen", "pk": 139, "fields": {"name": "Ariel Versace", "main_franchise": "US"}}, {"model": "fantasydrag.queen", "pk": 140, "fields": {"name": "Mercedes Iman Diamond", "main_franchise": "US"}}, {"model": "fantasydrag.queen", "pk": 141, "fields": {"name": "Honey Davenport", "main_franchise": "US"}}, {"model": "fantasydrag.queen", "pk": 142, "fields": {"name": "Kahanna Montrese", "main_franchise": "US"}}, {"model": "fantasydrag.queen", "pk": 143, "fields": {"name": "Soju", "main_franchise": "US"}}, {"model": "fantasydrag.queen", "pk": 144, "fields": {"name": "Jaida Essence Hall", "main_franchise": "US"}}, {"model": "fantasydrag.queen", "pk": 145, "fields": {"name": "Crystal Methyd", "main_franchise": "US"}}, {"model": "fantasydrag.queen", "pk": 146, "fields": {"name": "Gigi Goode", "main_franchise": "US"}}, {"model": "fantasydrag.queen", "pk": 147, "fields": {"name": "Sherry Pie", "main_franchise": "US"}}, {"model": "fantasydrag.queen", "pk": 148, "fields": {"name": "Jackie Cox", "main_franchise": "US"}}, {"model": "fantasydrag.queen", "pk": 149, "fields": {"name": "Heidi N Closet", "main_franchise": "US"}}, {"model": "fantasydrag.queen", "pk": 150, "fields": {"name": "Widow Von'Du", "main_franchise": "US"}}, {"model": "fantasydrag.queen", "pk": 151, "fields": {"name": "Brita", "main_franchise": "US"}}, {"model": "fantasydrag.queen", "pk": 152, "fields": {"name": "Aiden Zhane", "main_franchise": "US"}}, {"model": "fantasydrag.queen", "pk": 153, "fields": {"name": "Nicky Doll", "main_franchise": "US"}}, {"model": "fantasydrag.queen", "pk": 154, "fields": {"name": "Rock M. Sakura", "main_franchise": "US"}}, {"model": "fantasydrag.queen", "pk": 155, "fields": {"name": "Dahlia Sin", "main_franchise": "US"}}, {"model": "fantasydrag.queen", "pk": 156, "fields": {"name": "Symone", "main_franchise": "US"}}, {"model": "fantasydrag.queen", "pk": 157, "fields": {"name": "Kandy Muse", "main_franchise": "US"}}, {"model": "fantasydrag.queen", "pk": 158, "fields": {"name": "Gottmik", "main_franchise": "US"}}, {"model": "fantasydrag.queen", "pk": 159, "fields": {"name": "Rosé", "main_franchise": "US"}}, {"model": "fantasydrag.queen", "pk": 160, "fields": {"name": "Olivia Lux", "main_franchise": "US"}}, {"model": "fantasydrag.queen", "pk": 161, "fields": {"name": "Utica Queen", "main_franchise": "US"}}, {"model": "fantasydrag.queen", "pk": 162, "fields": {"name": "Tina Burner", "main_franchise": "US"}}, {"model": "fantasydrag.queen", "pk": 163, "fields": {"name": "Denali", "main_franchise": "US"}}, {"model": "fantasydrag.queen", "pk": 164, "fields": {"name": "Elliott with 2 Ts", "main_franchise": "US"}}, {"model": "fantasydrag.queen", "pk": 165, "fields": {"name": "LaLa Ri", "main_franchise": "US"}}, {"model": "fantasydrag.queen", "pk": 166, "fields": {"name": "Tamisha Iman", "main_franchise": "US"}}, {"model": "fantasydrag.queen", "pk": 167, "fields": {"name": "Joey Jay", "main_franchise": "US"}}, {"model": "fantasydrag.queen", "pk": 168, "fields": {"name": "Kahmora Hall", "main_franchise": "US"}}, {"model": "fantasydrag.queen", "pk": 169, "fields": {"name": "Baga Chipz", "main_franchise": "UK"}}, {"model": "fantasydrag.dragrace", "pk": 1, "fields": {"season": 6, "race_type": "all star", "franchise": "US", "is_current": true, "status": "open", "queens": [1, 2, 3, 4, 5, 6, 7, 8, 9, 10, 11, 12, 13]}}, {"model": "fantasydrag.dragrace", "pk": 2, "fields": {"season": 1, "race_type": "standard", "franchise": "US", "is_current": false, "status": "open", "queens": [20, 14, 19, 15, 18, 22, 16, 17, 21]}}, {"model": "fantasydrag.dragrace", "pk": 3, "fields": {"season": 2, "race_type": "standard", "franchise": "US", "is_current": false, "status": "open", "queens": [27, 25, 6, 29, 31, 32, 7, 24, 28, 33, 26, 23]}}, {"model": "fantasydrag.dragrace", "pk": 4, "fields": {"season": 3, "race_type": "standard", "franchise": "US", "is_current": false, "status": "open", "queens": [36, 37, 38, 41, 35, 40, 42, 43, 34, 33, 39, 44, 13]}}, {"model": "fantasydrag.dragrace", "pk": 5, "fields": {"season": 11, "race_type": "standard", "franchise": "US", "is_current": false, "status": "open", "queens": [1, 139, 135, 141, 142, 140, 136, 138, 8, 9, 137, 11, 143, 133, 134]}}, {"model": "fantasydrag.dragrace", "pk": 7, "fields": {"season": 4, "race_type": "standard", "franchise": "US", "is_current": false, "status": "open", "queens": [56, 46, 50, 5, 49, 55, 48, 53, 52, 47, 45, 54, 51]}}, {"model": "fantasydrag.dragrace", "pk": 8, "fields": {"season": 5, "race_type": "standard", "franchise": "US", "is_current": false, "status": "open", "queens": [58, 62, 61, 60, 67, 63, 64, 57, 65, 68, 69, 59, 10, 66]}}, {"model": "fantasydrag.dragrace", "pk": 9, "fields": {"season": 6, "race_type": "standard", "franchise": "US", "is_current": false, "status": "open", "queens": [71, 79, 74, 70, 72, 73, 78, 75, 82, 76, 81, 77, 12, 80]}}, {"model": "fantasydrag.dragrace", "pk": 10, "fields": {"season": 7, "race_type": "standard", "franchise": "US", "is_current": false, "status": "open", "queens": [3, 89, 93, 91, 86, 85, 90, 88, 92, 84, 94, 95, 87, 83]}}, {"model": "fantasydrag.dragrace", "pk": 11, "fields": {"season": 8, "race_type": "standard", "franchise": "US", "is_current": false, "status": "open", "queens": [103, 96, 99, 105, 106, 100, 97, 107, 98, 104, 102, 101]}}, {"model": "fantasydrag.dragrace", "pk": 12, "fields": {"season": 9, "race_type": "standard", "franchise": "US", "is_current": false, "status": "open", "queens": [116, 112, 118, 105, 2, 115, 120, 119, 113, 109, 108, 110, 111, 114]}}, {"model": "fantasydrag.dragrace", "pk": 13, "fields": {"season": 10, "race_type": "standard", "franchise": "US", "is_current": false, "status": "open", "queens": [121, 123, 128, 130, 2, 132, 122, 129, 124, 125, 127, 126, 133, 131]}}, {"model": "fantasydrag.dragrace", "pk": 14, "fields": {"season": 12, "race_type": "standard", "franchise": "US", "is_current": false, "status": "open", "queens": [152, 151, 145, 155, 146, 149, 148, 144, 4, 153, 154, 147, 150]}}, {"model": "fantasydrag.dragrace", "pk": 15, "fields": {"season": 13, "race_type": "standard", "franchise": "US", "is_current": false, "status": "open", "queens": [163, 164, 158, 167, 168, 157, 165, 160, 159, 156, 166, 162, 161]}}, {"model": "fantasydrag.episode", "pk": 1, "fields": {"drag_race": 1, "number": 1, "title": "All Star Variety Extravaganza", "is_scored": true}}, {"model": "fantasydrag.episode", "pk": 2, "fields": {"drag_race": 1, "number": 2, "title": "The Blue Ball", "is_scored": true}}, {"model": "fantasydrag.episode", "pk": 3, "fields": {"drag_race": 1, "number": 3, "title": "Side Hustles", "is_scored": true}}, {"model": "fantasydrag.episode", "pk": 4, "fields": {"drag_race": 1, "number": 4, "title": "Halftime Headliners", "is_scored": true}}, {"model": "fantasydrag.episode", "pk": 13, "fields": {"drag_race": 5, "number": 1, "title": "Whatcha Unpackin'?", "is_scored": true}}, {"model": "fantasydrag.episode", "pk": 14, "fields": {"drag_race": 5, "number": 2, "title": "Good God Girl, Get Out", "is_scored": true}}, {"model": "fantasydrag.episode", "pk": 15, "fields": {"drag_race": 5, "number": 3, "title": "Dive Worship", "is_scored": true}}, {"model": "fantasydrag.episode", "pk": 16, "fields": {"drag_race": 5, "number": 4, "title": "Trump: The Rusical", "is_scored": true}}, {"model": "fantasydrag.episode", "pk": 17, "fields": {"drag_race": 5, "number": 5, "title": "Monster Ball", "is_scored": false}}, {"model": "fantasydrag.episode", "pk": 19, "fields": {"drag_race": 5, "number": 6, "title": "The Draglympics", "is_scored": true}}, {"model": "fantasydrag.episode", "pk": 20, "fields": {"drag_race": 5, "number": 7, "title": "From Farm to Runway", "is_scored": true}}, {"model": "fantasydrag.episode", "pk": 21, "fields": {"drag_race": 5, "number": 8, "title": "Snatch Game at Sea", "is_scored": true}}, {"model": "fantasydrag.episode", "pk": 23, "fields": {"drag_race": 5, "number": 9, "title": "L.A.D.P!", "is_scored": true}}, {"model": "fantasydrag.episode", "pk": 24, "fields": {"drag_race": 5, "number": 10, "title": "Dragracadabra", "is_scored": true}}, {"model": "fantasydrag.episode", "pk": 25, "fields": {"drag_race": 5, "number": 11, "title": "Bring Back My Queens!", "is_scored": true}}, {"model": "fantasydrag.episode", "pk": 26, "fields": {"drag_race": 5, "number": 12, "title": "Queens Everywhere", "is_scored": true}}, {"model": "fantasydrag.episode", "pk": 27, "fields": {"drag_race": 5, "number": 13, "title": "Reunited", "is_scored": true}}, {"model": "fantasydrag.episode", "pk": 28, "fields": {"drag_race": 5, "number": 14, "title": "Grand Finale", "is_scored": true}}, {"model": "fantasydrag.episode", "pk": 29, "fields": {"drag_race": 2, "number": 1, "title": "Drag on a Dime", "is_scored": true}}, {"model": "fantasydrag.episode", "pk": 30, "fields": {"drag_race": 2, "number": 2, "title": "Girl Group Challenge", "is_scored": true}}, {"model": "fantasydrag.episode", "pk": 31, "fields": {"drag_race": 2, "number": 3, "title": "Queens of All Media", "is_scored": true}}, {"model": "fantasydrag.episode", "pk": 32, "fields": {"drag_race": 2, "number": 4, "title": "Mac Viva-Glam Challenge", "is_scored": true}}, {"model": "fantasydrag.episode", "pk": 33, "fields": {"drag_race": 2, "number": 5, "title": "Drag School of Charm", "is_scored": true}}, {"model": "fantasydrag.episode", "pk": 34, "fields": {"drag_race": 2, "number": 6, "title": "Absolut Drag Ball", "is_scored": true}}, {"model": "fantasydrag.episode", "pk": 35, "fields": {"drag_race": 2, "number": 8, "title": "Grand Finale", "is_scored": true}}, {"model": "fantasydrag.episode", "pk": 36, "fields": {"drag_race": 3, "number": 1, "title": "Gone with the Window", "is_scored": true}}, {"model": "fantasydrag.episode", "pk": 37, "fields": {"drag_race": 3, "number": 2, "title": "Starrbootylicious", "is_scored": true}}, {"model": "fantasydrag.episode", "pk": 39, "fields": {"drag_race": 1, "number": 5, "title": "Pink Table Talk", "is_scored": true}}, {"model": "fantasydrag.episode", "pk": 40, "fields": {"drag_race": 3, "number": 3, "title": "Country Queens", "is_scored": true}}, {"model": "fantasydrag.episode", "pk": 41, "fields": {"drag_race": 3, "number": 4, "title": "The Snatch Game", "is_scored": true}}, {"model": "fantasydrag.episode", "pk": 42, "fields": {"drag_race": 3, "number": 5, "title": "Here Comes the Bride", "is_scored": true}}, {"model": "fantasydrag.episode", "pk": 43, "fields": {"drag_race": 3, "number": 6, "title": "Rocker Chicks", "is_scored": true}}, {"model": "fantasydrag.episode", "pk": 44, "fields": {"drag_race": 3, "number": 7, "title": "Once Upon a Queen", "is_scored": true}}, {"model": "fantasydrag.episode", "pk": 45, "fields": {"drag_race": 3, "number": 8, "title": "Golden Gals", "is_scored": true}}, {"model": "fantasydrag.episode", "pk": 46, "fields": {"drag_race": 3, "number": 9, "title": "The Diva Awards", "is_scored": true}}, {"model": "fantasydrag.episode", "pk": 47, "fields": {"drag_race": 3, "number": 10, "title": "Grand Finale", "is_scored": true}}, {"model": "fantasydrag.defaultrule", "pk": 1, "fields": {"name": "Escandalo!", "description": "Queen is suddenly eliminated for breaking rules", "point_value": -5, "score_type": "episode"}}, {"model": "fantasydrag.defaultrule", "pk": 2, "fields": {"name": "Double Sashay", "description": "Queen lip syncs and both contestants are eliminated", "point_value": -3, "score_type": "episode"}}, {"model": "fantasydrag.defaultrule", "pk": 3, "fields": {"name": "Sashay Away", "description": "Queen is eliminated in a LSFYL", "point_value": 0, "score_type": "episode"}}, {"model": "fantasydrag.defaultrule", "pk": 4, "fields": {"name": "Reading is Fundamental", "description": "Reading mini-challenge winner (in addition to basic mini challenge score)", "point_value": 1, "score_type": "episode"}}, {"model": "fantasydrag.defaultrule", "pk": 6, "fields": {"name": "Shantay You Stay", "description": "Queen wins a LSFYL", "point_value": 1, "score_type": "episode"}}, {"model": "fantasydrag.defaultrule", "pk": 7, "fields": {"name": "Double Shantay", "description": "Queen LSFYL and both contestants stay", "point_value": 3, "score_type": "episode"}}, {"model": "fantasydrag.defaultrule", "pk": 8, "fields": {"name": "Mini Challenge", "description": "Queen wins a mini challenge", "point_value": 2, "score_type": "episode"}}, {"model": "fantasydrag.defaultrule", "pk": 9, "fields": {"name": "Safe is a Dirty Word", "description": "Queen is safe in main challenge", "point_value": 2, "score_type": "episode"}}, {"model": "fantasydrag.defaultrule", "pk": 10, "fields": {"name": "Snatched for the Gods", "description": "Snatch Game Winner  (in addition to basic main challenge score)", "point_value": 2, "score_type": "episode"}}, {"model": "fantasydrag.defaultrule", "pk": 11, "fields": {"name": "Main Challenge Runner Up", "description": "Queen is a runner up for the main challenge (not safe, but not in danger of LSFYL or Lip Stick vote off)", "point_value": 3, "score_type": "episode"}}, {"model": "fantasydrag.defaultrule", "pk": 12, "fields": {"name": "You're a Winner, Baby!", "description": "Queen wins the main challenge", "point_value": 4, "score_type": "episode"}}, {"model": "fantasydrag.defaultrule", "pk": 13, "fields": {"name": "Rudemption!", "description": "Queen returns to the season for their Rudemption", "point_value": 5, "score_type": "episode"}}, {"model": "fantasydrag.defaultrule", "pk": 14, "fields": {"name": "Season Top 4", "description": "Queen made it to top 4 of the season", "point_value": 1, "score_type": "season"}}, {"model": "fantasydrag.defaultrule", "pk": 16, "fields": {"name": "Season Runner Up", "description": "Queen is the runner up for the crown!", "point_value": 5, "score_type": "season"}}, {"model": "fantasydrag.defaultrule", "pk": 17, "fields": {"name": "Prance, My Queen!", "description": "All hail the queen! This Queen won the season!", "point_value": 7, "score_type": "season"}}, {"model": "fantasydrag.defaultrule", "pk": 18, "fields": {"name": "RuPaul's Best Friend Race", "description": "Queen is voted Miss Congeniality", "point_value": 3, "score_type": "season"}}, {"model": "fantasydrag.rule", "pk": 1, "fields": {"name": "Shantay You Stay", "description": "Queen wins a lip sync (either in a LSFYL or against a lip sync assassin)", "point_value": 1, "score_type": "episode", "drag_race": 1}}, {"model": "fantasydrag.rule", "pk": 2, "fields": {"name": "Safe is a Dirty Word", "description": "Queen is safe in main challenge", "point_value": 2, "score_type": "episode", "drag_race": 1}}, {"model": "fantasydrag.rule", "pk": 3, "fields": {"name": "You're a Winner, Baby!", "description": "Queen wins the main challenge", "point_value": 4, "score_type": "episode", "drag_race": 1}}, {"model": "fantasydrag.rule", "pk": 4, "fields": {"name": "Sashay Away", "description": "Queen is eliminated, either from a LSFYL or a a lip stick vote off", "point_value": 0, "score_type": "episode", "drag_race": 1}}, {"model": "fantasydrag.rule", "pk": 5, "fields": {"name": "Mini Challenge", "description": "Queen wins a mini challenge", "point_value": 2, "score_type": "episode", "drag_race": 1}}, {"model": "fantasydrag.rule", "pk": 6, "fields": {"name": "Rudemption!", "description": "Queen returns to the season for their Rudemption", "point_value": 5, "score_type": "episode", "drag_race": 1}}, {"model": "fantasydrag.rule", "pk": 7, "fields": {"name": "Double Shantay", "description": "Queen LSFYL or against a LSA, and both contestants win", "point_value": 2, "score_type": "episode", "drag_race": 1}}, {"model": "fantasydrag.rule", "pk": 8, "fields": {"name": "Double Sashay", "description": "Queen lip syncs and both contestants are eliminated", "point_value": -3, "score_type": "episode", "drag_race": 1}}, {"model": "fantasydrag.rule", "pk": 9, "fields": {"name": "Prance, My Queen!", "description": "All hail the queen! This Queen won the season!", "point_value": 7, "score_type": "season", "drag_race": 1}}, {"model": "fantasydrag.rule", "pk": 11, "fields": {"name": "Season Top 4", "description": "Queen made it to top 4 of the season", "point_value": 1, "score_type": "season", "drag_race": 1}}, {"model": "fantasydrag.rule", "pk": 12, "fields": {"name": "Season Top 3", "description": "Queen made it to top 3 of the season", "point_value": 2, "score_type": "season", "drag_race": 1}}, {"model": "fantasydrag.rule", "pk": 13, "fields": {"name": "Season Runner Up", "description": "Queen is the runner up for the crown!", "point_value": 5, "score_type": "season", "drag_race": 1}}, {"model": "fantasydrag.rule", "pk": 14, "fields": {"name": "Main Challenge Runner Up", "description": "Queen is a runner up for the main challenge (not safe, but not in danger of LSFYL or Lip Stick vote off)", "point_value": 3, "score_type": "episode", "drag_race": 1}}, {"model": "fantasydrag.rule", "pk": 15, "fields": {"name": "Snatched for the Gods", "description": "Snatch Game Winner  (in addition to basic main challenge score)", "point_value": 2, "score_type": "episode", "drag_race": 1}}, {"model": "fantasydrag.rule", "pk": 16, "fields": {"name": "Reading is Fundamental", "description": "Reading mini-challenge winner (in addition to basic mini challenge score)", "point_value": 1, "score_type": "episode", "drag_race": 1}}, {"model": "fantasydrag.rule", "pk": 18, "fields": {"name": "Escandalo!", "description": "Queen is suddenly eliminated for breaking rules", "point_value": -5, "score_type": "episode", "drag_race": 1}}, {"model": "fantasydrag.rule", "pk": 19, "fields": {"name": "Rumocracy Rules", "description": "Queen was up for a lip stick vote and stays in the competition", "point_value": 1, "score_type": "episode", "drag_race": 1}}, {"model": "fantasydrag.rule", "pk": 20, "fields": {"name": "Escandalo!", "description": "Queen is suddenly eliminated for breaking rules", "point_value": -5, "score_type": "", "drag_race": 2}}, {"model": "fantasydrag.rule", "pk": 21, "fields": {"name": "Double Sashay", "description": "Queen lip syncs and both contestants are eliminated", "point_value": -3, "score_type": "", "drag_race": 2}}, {"model": "fantasydrag.rule", "pk": 22, "fields": {"name": "Sashay Away", "description": "Queen is eliminated, either from a LSFYL or a a lip stick vote off", "point_value": 0, "score_type": "", "drag_race": 2}}, {"model": "fantasydrag.rule", "pk": 23, "fields": {"name": "Reading is Fundamental", "description": "Reading mini-challenge winner (in addition to basic mini challenge score)", "point_value": 1, "score_type": "", "drag_race": 2}}, {"model": "fantasydrag.rule", "pk": 24, "fields": {"name": "Rumocracy Rules", "description": "Queen was up for a lip stick vote and stays in the competition", "point_value": 1, "score_type": "", "drag_race": 2}}, {"model": "fantasydrag.rule", "pk": 25, "fields": {"name": "Shantay You Stay", "description": "Queen wins a lip sync (either in a LSFYL or against a lip sync assassin)", "point_value": 1, "score_type": "", "drag_race": 2}}, {"model": "fantasydrag.rule", "pk": 26, "fields": {"name": "Double Shantay", "description": "Queen LSFYL or against a LSA, and both contestants win", "point_value": 3, "score_type": "episode", "drag_race": 2}}, {"model": "fantasydrag.rule", "pk": 27, "fields": {"name": "Mini Challenge", "description": "Queen wins a mini challenge", "point_value": 2, "score_type": "", "drag_race": 2}}, {"model": "fantasydrag.rule", "pk": 28, "fields": {"name": "Safe is a Dirty Word", "description": "Queen is safe in main challenge", "point_value": 2, "score_type": "", "drag_race": 2}}, {"model": "fantasydrag.rule", "pk": 29, "fields": {"name": "Snatched for the Gods", "description": "Snatch Game Winner  (in addition to basic main challenge score)", "point_value": 2, "score_type": "", "drag_race": 2}}, {"model": "fantasydrag.rule", "pk": 30, "fields": {"name": "Main Challenge Runner Up", "description": "Queen is a runner up for the main challenge (not safe, but not in danger of LSFYL or Lip Stick vote off)", "point_value": 3, "score_type": "", "drag_race": 2}}, {"model": "fantasydrag.rule", "pk": 31, "fields": {"name": "You're a Winner, Baby!", "description": "Queen wins the main challenge", "point_value": 4, "score_type": "", "drag_race": 2}}, {"model": "fantasydrag.rule", "pk": 32, "fields": {"name": "Rudemption!", "description": "Queen returns to the season for their Rudemption", "point_value": 5, "score_type": "", "drag_race": 2}}, {"model": "fantasydrag.rule", "pk": 33, "fields": {"name": "Season Top 4", "description": "Queen made it to top 4 of the season", "point_value": 1, "score_type": "", "drag_race": 2}}, {"model": "fantasydrag.rule", "pk": 34, "fields": {"name": "Season Top 3", "description": "Queen made it to top 3 of the season", "point_value": 2, "score_type": "", "drag_race": 2}}, {"model": "fantasydrag.rule", "pk": 35, "fields": {"name": "Season Runner Up", "description": "Queen is the runner up for the crown!", "point_value": 5, "score_type": "", "drag_race": 2}}, {"model": "fantasydrag.rule", "pk": 36, "fields": {"name": "Prance, My Queen!", "description": "All hail the queen! This Queen won the season!", "point_value": 9, "score_type": "", "drag_race": 2}}, {"model": "fantasydrag.rule", "pk": 37, "fields": {"name": "Escandalo!", "description": "Queen is suddenly eliminated for breaking rules", "point_value": -5, "score_type": "", "drag_race": 3}}, {"model": "fantasydrag.rule", "pk": 38, "fields": {"name": "Double Sashay", "description": "Queen lip syncs and both contestants are eliminated", "point_value": -3, "score_type": "", "drag_race": 3}}, {"model": "fantasydrag.rule", "pk": 39, "fields": {"name": "Sashay Away", "description": "Queen is eliminated, either from a LSFYL or a a lip stick vote off", "point_value": 0, "score_type": "", "drag_race": 3}}, {"model": "fantasydrag.rule", "pk": 40, "fields": {"name": "Reading is Fundamental", "description": "Reading mini-challenge winner (in addition to basic mini challenge score)", "point_value": 1, "score_type": "", "drag_race": 3}}, {"model": "fantasydrag.rule", "pk": 42, "fields": {"name": "Shantay You Stay", "description": "Queen wins a lip sync (either in a LSFYL or against a lip sync assassin)", "point_value": 1, "score_type": "", "drag_race": 3}}, {"model": "fantasydrag.rule", "pk": 43, "fields": {"name": "Double Shantay", "description": "Queen LSFYL or against a LSA, and both contestants win", "point_value": 3, "score_type": "episode", "drag_race": 3}}, {"model": "fantasydrag.rule", "pk": 44, "fields": {"name": "Mini Challenge", "description": "Queen wins a mini challenge", "point_value": 2, "score_type": "", "drag_race": 3}}, {"model": "fantasydrag.rule", "pk": 45, "fields": {"name": "Safe is a Dirty Word", "description": "Queen is safe in main challenge", "point_value": 2, "score_type": "", "drag_race": 3}}, {"model": "fantasydrag.rule", "pk": 46, "fields": {"name": "Snatched for the Gods", "description": "Snatch Game Winner  (in addition to basic main challenge score)", "point_value": 2, "score_type": "", "drag_race": 3}}, {"model": "fantasydrag.rule", "pk": 47, "fields": {"name": "Main Challenge Runner Up", "description": "Queen is a runner up for the main challenge (not safe, but not in danger of LSFYL or Lip Stick vote off)", "point_value": 3, "score_type": "", "drag_race": 3}}, {"model": "fantasydrag.rule", "pk": 48, "fields": {"name": "You're a Winner, Baby!", "description": "Queen wins the main challenge", "point_value": 4, "score_type": "", "drag_race": 3}}, {"model": "fantasydrag.rule", "pk": 49, "fields": {"name": "Rudemption!", "description": "Queen returns to the season for their Rudemption", "point_value": 5, "score_type": "", "drag_race": 3}}, {"model": "fantasydrag.rule", "pk": 50, "fields": {"name": "Season Top 4", "description": "Queen made it to top 4 of the season", "point_value": 1, "score_type": "", "drag_race": 3}}, {"model": "fantasydrag.rule", "pk": 52, "fields": {"name": "Season Runner Up", "description": "Queen is the runner up for the crown!", "point_value": 5, "score_type": "", "drag_race": 3}}, {"model": "fantasydrag.rule", "pk": 53, "fields": {"name": "Prance, My Queen!", "description": "All hail the queen! This Queen won the season!", "point_value": 9, "score_type": "", "drag_race": 3}}, {"model": "fantasydrag.rule", "pk": 54, "fields": {"name": "Escandalo!", "description": "Queen is suddenly eliminated for breaking rules", "point_value": -5, "score_type": "", "drag_race": 4}}, {"model": "fantasydrag.rule", "pk": 55, "fields": {"name": "Double Sashay", "description": "Queen lip syncs and both contestants are eliminated", "point_value": -3, "score_type": "", "drag_race": 4}}, {"model": "fantasydrag.rule", "pk": 56, "fields": {"name": "Sashay Away", "description": "Queen is eliminated, either from a LSFYL or a a lip stick vote off", "point_value": 0, "score_type": "", "drag_race": 4}}, {"model": "fantasydrag.rule", "pk": 57, "fields": {"name": "Reading is Fundamental", "description": "Reading mini-challenge winner (in addition to basic mini challenge score)", "point_value": 1, "score_type": "", "drag_race": 4}}, {"model": "fantasydrag.rule", "pk": 59, "fields": {"name": "Shantay You Stay", "description": "Queen wins a lip sync (either in a LSFYL or against a lip sync assassin)", "point_value": 1, "score_type": "", "drag_race": 4}}, {"model": "fantasydrag.rule", "pk": 60, "fields": {"name": "Double Shantay", "description": "Queen LSFYL or against a LSA, and both contestants win", "point_value": 3, "score_type": "episode", "drag_race": 4}}, {"model": "fantasydrag.rule", "pk": 61, "fields": {"name": "Mini Challenge", "description": "Queen wins a mini challenge", "point_value": 2, "score_type": "", "drag_race": 4}}, {"model": "fantasydrag.rule", "pk": 62, "fields": {"name": "Safe is a Dirty Word", "description": "Queen is safe in main challenge", "point_value": 2, "score_type": "", "drag_race": 4}}, {"model": "fantasydrag.rule", "pk": 63, "fields": {"name": "Snatched for the Gods", "description": "Snatch Game Winner  (in addition to basic main challenge score)", "point_value": 2, "score_type": "", "drag_race": 4}}, {"model": "fantasydrag.rule", "pk": 64, "fields": {"name": "Main Challenge Runner Up", "description": "Queen is a runner up for the main challenge (not safe, but not in danger of LSFYL or Lip Stick vote off)", "point_value": 3, "score_type": "", "drag_race": 4}}, {"model": "fantasydrag.rule", "pk": 65, "fields": {"name": "You're a Winner, Baby!", "description": "Queen wins the main challenge", "point_value": 4, "score_type": "", "drag_race": 4}}, {"model": "fantasydrag.rule", "pk": 66, "fields": {"name": "Rudemption!", "description": "Queen returns to the season for their Rudemption", "point_value": 5, "score_type": "", "drag_race": 4}}, {"model": "fantasydrag.rule", "pk": 67, "fields": {"name": "Season Top 4", "description": "Queen made it to top 4 of the season", "point_value": 1, "score_type": "", "drag_race": 4}}, {"model": "fantasydrag.rule", "pk": 69, "fields": {"name": "Season Runner Up", "description": "Queen is the runner up for the crown!", "point_value": 5, "score_type": "", "drag_race": 4}}, {"model": "fantasydrag.rule", "pk": 70, "fields": {"name": "Prance, My Queen!", "description": "All hail the queen! This Queen won the season!", "point_value": 9, "score_type": "", "drag_race": 4}}, {"model": "fantasydrag.rule", "pk": 71, "fields": {"name": "RuPaul's Best Friend Race", "description": "Queen is voted Miss Congeniality", "point_value": 4, "score_type": "", "drag_race": 5}}, {"model": "fantasydrag.rule", "pk": 72, "fields": {"name": "Escandalo!", "description": "Queen is suddenly eliminated for breaking rules", "point_value": -5, "score_type": "", "drag_race": 5}}, {"model": "fantasydrag.rule", "pk": 73, "fields": {"name": "Double Sashay", "description": "Queen lip syncs for their life, and both contestants are eliminated", "point_value": -3, "score_type": "", "drag_race": 5}}, {"model": "fantasydrag.rule", "pk": 74, "fields": {"name": "Sashay Away", "description": "Queen is eliminated in a LSFYL", "point_value": 0, "score_type": "", "drag_race": 5}}, {"model": "fantasydrag.rule", "pk": 75, "fields": {"name": "Reading is Fundamental", "description": "Reading mini-challenge winner (in addition to basic mini challenge score)", "point_value": 1, "score_type": "", "drag_race": 5}}, {"model": "fantasydrag.rule", "pk": 76, "fields": {"name": "Rumocracy Rules", "description": "Queen was up for a lip stick vote and stays in the competition", "point_value": 1, "score_type": "", "drag_race": 5}}, {"model": "fantasydrag.rule", "pk": 77, "fields": {"name": "Shantay You Stay", "description": "Queen wins a lip sync (either in a LSFYL or against a lip sync assassin)", "point_value": 1, "score_type": "", "drag_race": 5}}, {"model": "fantasydrag.rule", "pk": 78, "fields": {"name": "Double Shantay", "description": "Queen LSFYL or against a LSA, and both contestants win", "point_value": 3, "score_type": "episode", "drag_race": 5}}, {"model": "fantasydrag.rule", "pk": 79, "fields": {"name": "Mini Challenge", "description": "Queen wins a mini challenge", "point_value": 2, "score_type": "", "drag_race": 5}}, {"model": "fantasydrag.rule", "pk": 80, "fields": {"name": "Safe is a Dirty Word", "description": "Queen is safe in main challenge", "point_value": 2, "score_type": "", "drag_race": 5}}, {"model": "fantasydrag.rule", "pk": 81, "fields": {"name": "Snatched for the Gods", "description": "Snatch Game Winner  (in addition to basic main challenge score)", "point_value": 2, "score_type": "", "drag_race": 5}}, {"model": "fantasydrag.rule", "pk": 82, "fields": {"name": "Main Challenge Runner Up", "description": "Queen is a runner up for the main challenge (not safe, but not in danger of LSFYL or Lip Stick vote off)", "point_value": 3, "score_type": "", "drag_race": 5}}, {"model": "fantasydrag.rule", "pk": 83, "fields": {"name": "You're a Winner, Baby!", "description": "Queen wins the main challenge", "point_value": 4, "score_type": "", "drag_race": 5}}, {"model": "fantasydrag.rule", "pk": 84, "fields": {"name": "Rudemption!", "description": "Queen returns to the season for their Rudemption", "point_value": 5, "score_type": "", "drag_race": 5}}, {"model": "fantasydrag.rule", "pk": 85, "fields": {"name": "Season Top 4", "description": "Queen made it to top 4 of the season", "point_value": 1, "score_type": "", "drag_race": 5}}, {"model": "fantasydrag.rule", "pk": 86, "fields": {"name": "Season Top 3", "description": "Queen made it to top 3 of the season", "point_value": 2, "score_type": "", "drag_race": 5}}, {"model": "fantasydrag.rule", "pk": 87, "fields": {"name": "Season Runner Up", "description": "Queen is the runner up for the crown!", "point_value": 5, "score_type": "", "drag_race": 5}}, {"model": "fantasydrag.rule", "pk": 88, "fields": {"name": "Prance, My Queen!", "description": "All hail the queen! This Queen won the season!", "point_value": 9, "score_type": "", "drag_race": 5}}, {"model": "fantasydrag.rule", "pk": 89, "fields": {"name": "RuPaul's Best Friend Race", "description": "Queen is voted Miss Congeniality", "point_value": 4, "score_type": "season", "drag_race": 2}}, {"model": "fantasydrag.rule", "pk": 90, "fields": {"name": "RuPaul's Best Friends Race", "description": "Miss Congeniality", "point_value": 4, "score_type": "", "drag_race": 3}}, {"model": "fantasydrag.rule", "pk": 91, "fields": {"name": "Escandalo!", "description": "Queen is suddenly eliminated for breaking rules", "point_value": -5, "score_type": "", "drag_race": 7}}, {"model": "fantasydrag.rule", "pk": 92, "fields": {"name": "Double Sashay", "description": "Queen lip syncs and both contestants are eliminated", "point_value": -3, "score_type": "", "drag_race": 7}}, {"model": "fantasydrag.rule", "pk": 93, "fields": {"name": "Sashay Away", "description": "Queen is eliminated in a LSFYL", "point_value": 0, "score_type": "", "drag_race": 7}}, {"model": "fantasydrag.rule", "pk": 94, "fields": {"name": "Reading is Fundamental", "description": "Reading mini-challenge winner (in addition to basic mini challenge score)", "point_value": 1, "score_type": "", "drag_race": 7}}, {"model": "fantasydrag.rule", "pk": 95, "fields": {"name": "Shantay You Stay", "description": "Queen wins a LSFYL", "point_value": 1, "score_type": "", "drag_race": 7}}, {"model": "fantasydrag.rule", "pk": 96, "fields": {"name": "Mini Challenge", "description": "Queen wins a mini challenge", "point_value": 2, "score_type": "", "drag_race": 7}}, {"model": "fantasydrag.rule", "pk": 97, "fields": {"name": "Safe is a Dirty Word", "description": "Queen is safe in main challenge", "point_value": 2, "score_type": "", "drag_race": 7}}, {"model": "fantasydrag.rule", "pk": 98, "fields": {"name": "Snatched for the Gods", "description": "Snatch Game Winner  (in addition to basic main challenge score)", "point_value": 2, "score_type": "", "drag_race": 7}}, {"model": "fantasydrag.rule", "pk": 99, "fields": {"name": "Double Shantay", "description": "Queen LSFYL and both contestants win", "point_value": 3, "score_type": "", "drag_race": 7}}, {"model": "fantasydrag.rule", "pk": 100, "fields": {"name": "Main Challenge Runner Up", "description": "Queen is a runner up for the main challenge", "point_value": 3, "score_type": "", "drag_race": 7}}, {"model": "fantasydrag.rule", "pk": 101, "fields": {"name": "You're a Winner, Baby!", "description": "Queen wins the main challenge", "point_value": 4, "score_type": "", "drag_race": 7}}, {"model": "fantasydrag.rule", "pk": 102, "fields": {"name": "Rudemption!", "description": "Queen returns to the season for their Rudemption", "point_value": 5, "score_type": "", "drag_race": 7}}, {"model": "fantasydrag.rule", "pk": 103, "fields": {"name": "Season Top 4", "description": "Queen made it to top 4 of the season", "point_value": 1, "score_type": "", "drag_race": 7}}, {"model": "fantasydrag.rule", "pk": 104, "fields": {"name": "RuPaul's Best Friend Race", "description": "Queen is voted Miss Congeniality", "point_value": 3, "score_type": "", "drag_race": 7}}, {"model": "fantasydrag.rule", "pk": 105, "fields": {"name": "Season Runner Up", "description": "Queen is the runner up for the crown!", "point_value": 5, "score_type": "", "drag_race": 7}}, {"model": "fantasydrag.rule", "pk": 106, "fields": {"name": "Prance, My Queen!", "description": "All hail the queen! This Queen won the season!", "point_value": 7, "score_type": "", "drag_race": 7}}, {"model": "fantasydrag.rule", "pk": 107, "fields": {"name": "Escandalo!", "description": "Queen is suddenly eliminated for breaking rules", "point_value": -5, "score_type": "", "drag_race": 8}}, {"model": "fantasydrag.rule", "pk": 108, "fields": {"name": "Double Sashay", "description": "Queen lip syncs and both contestants are eliminated", "point_value": -3, "score_type": "", "drag_race": 8}}, {"model": "fantasydrag.rule", "pk": 109, "fields": {"name": "Sashay Away", "description": "Queen is eliminated in a LSFYL", "point_value": 0, "score_type": "", "drag_race": 8}}, {"model": "fantasydrag.rule", "pk": 110, "fields": {"name": "Reading is Fundamental", "description": "Reading mini-challenge winner (in addition to basic mini challenge score)", "point_value": 1, "score_type": "", "drag_race": 8}}, {"model": "fantasydrag.rule", "pk": 111, "fields": {"name": "Shantay You Stay", "description": "Queen wins a LSFYL", "point_value": 1, "score_type": "", "drag_race": 8}}, {"model": "fantasydrag.rule", "pk": 112, "fields": {"name": "Mini Challenge", "description": "Queen wins a mini challenge", "point_value": 2, "score_type": "", "drag_race": 8}}, {"model": "fantasydrag.rule", "pk": 113, "fields": {"name": "Safe is a Dirty Word", "description": "Queen is safe in main challenge", "point_value": 2, "score_type": "", "drag_race": 8}}, {"model": "fantasydrag.rule", "pk": 114, "fields": {"name": "Snatched for the Gods", "description": "Snatch Game Winner  (in addition to basic main challenge score)", "point_value": 2, "score_type": "", "drag_race": 8}}, {"model": "fantasydrag.rule", "pk": 115, "fields": {"name": "Double Shantay", "description": "Queen LSFYL and both contestants stay", "point_value": 3, "score_type": "", "drag_race": 8}}, {"model": "fantasydrag.rule", "pk": 116, "fields": {"name": "Main Challenge Runner Up", "description": "Queen is a runner up for the main challenge (not safe, but not in danger of LSFYL or Lip Stick vote off)", "point_value": 3, "score_type": "", "drag_race": 8}}, {"model": "fantasydrag.rule", "pk": 117, "fields": {"name": "You're a Winner, Baby!", "description": "Queen wins the main challenge", "point_value": 4, "score_type": "", "drag_race": 8}}, {"model": "fantasydrag.rule", "pk": 118, "fields": {"name": "Rudemption!", "description": "Queen returns to the season for their Rudemption", "point_value": 5, "score_type": "", "drag_race": 8}}, {"model": "fantasydrag.rule", "pk": 119, "fields": {"name": "Season Top 4", "description": "Queen made it to top 4 of the season", "point_value": 1, "score_type": "", "drag_race": 8}}, {"model": "fantasydrag.rule", "pk": 120, "fields": {"name": "RuPaul's Best Friend Race", "description": "Queen is voted Miss Congeniality", "point_value": 3, "score_type": "", "drag_race": 8}}, {"model": "fantasydrag.rule", "pk": 121, "fields": {"name": "Season Runner Up", "description": "Queen is the runner up for the crown!", "point_value": 5, "score_type": "", "drag_race": 8}}, {"model": "fantasydrag.rule", "pk": 122, "fields": {"name": "Prance, My Queen!", "description": "All hail the queen! This Queen won the season!", "point_value": 7, "score_type": "", "drag_race": 8}}, {"model": "fantasydrag.rule", "pk": 123, "fields": {"name": "Escandalo!", "description": "Queen is suddenly eliminated for breaking rules", "point_value": -5, "score_type": "", "drag_race": 9}}, {"model": "fantasydrag.rule", "pk": 124, "fields": {"name": "Double Sashay", "description": "Queen lip syncs and both contestants are eliminated", "point_value": -3, "score_type": "", "drag_race": 9}}, {"model": "fantasydrag.rule", "pk": 125, "fields": {"name": "Sashay Away", "description": "Queen is eliminated in a LSFYL", "point_value": 0, "score_type": "", "drag_race": 9}}, {"model": "fantasydrag.rule", "pk": 126, "fields": {"name": "Reading is Fundamental", "description": "Reading mini-challenge winner (in addition to basic mini challenge score)", "point_value": 1, "score_type": "", "drag_race": 9}}, {"model": "fantasydrag.rule", "pk": 127, "fields": {"name": "Shantay You Stay", "description": "Queen wins a LSFYL", "point_value": 1, "score_type": "", "drag_race": 9}}, {"model": "fantasydrag.rule", "pk": 128, "fields": {"name": "Mini Challenge", "description": "Queen wins a mini challenge", "point_value": 2, "score_type": "", "drag_race": 9}}, {"model": "fantasydrag.rule", "pk": 129, "fields": {"name": "Safe is a Dirty Word", "description": "Queen is safe in main challenge", "point_value": 2, "score_type": "", "drag_race": 9}}, {"model": "fantasydrag.rule", "pk": 130, "fields": {"name": "Snatched for the Gods", "description": "Snatch Game Winner  (in addition to basic main challenge score)", "point_value": 2, "score_type": "", "drag_race": 9}}, {"model": "fantasydrag.rule", "pk": 131, "fields": {"name": "Double Shantay", "description": "Queen LSFYL and both contestants stay", "point_value": 3, "score_type": "", "drag_race": 9}}, {"model": "fantasydrag.rule", "pk": 132, "fields": {"name": "Main Challenge Runner Up", "description": "Queen is a runner up for the main challenge (not safe, but not in danger of LSFYL or Lip Stick vote off)", "point_value": 3, "score_type": "", "drag_race": 9}}, {"model": "fantasydrag.rule", "pk": 133, "fields": {"name": "You're a Winner, Baby!", "description": "Queen wins the main challenge", "point_value": 4, "score_type": "", "drag_race": 9}}, {"model": "fantasydrag.rule", "pk": 134, "fields": {"name": "Rudemption!", "description": "Queen returns to the season for their Rudemption", "point_value": 5, "score_type": "", "drag_race": 9}}, {"model": "fantasydrag.rule", "pk": 135, "fields": {"name": "Season Top 4", "description": "Queen made it to top 4 of the season", "point_value": 1, "score_type": "", "drag_race": 9}}, {"model": "fantasydrag.rule", "pk": 136, "fields": {"name": "RuPaul's Best Friend Race", "description": "Queen is voted Miss Congeniality", "point_value": 3, "score_type": "", "drag_race": 9}}, {"model": "fantasydrag.rule", "pk": 137, "fields": {"name": "Season Runner Up", "description": "Queen is the runner up for the crown!", "point_value": 5, "score_type": "", "drag_race": 9}}, {"model": "fantasydrag.rule", "pk": 138, "fields": {"name": "Prance, My Queen!", "description": "All hail the queen! This Queen won the season!", "point_value": 7, "score_type": "", "drag_race": 9}}, {"model": "fantasydrag.rule", "pk": 139, "fields": {"name": "Escandalo!", "description": "Queen is suddenly eliminated for breaking rules", "point_value": -5, "score_type": "", "drag_race": 10}}, {"model": "fantasydrag.rule", "pk": 140, "fields": {"name": "Double Sashay", "description": "Queen lip syncs and both contestants are eliminated", "point_value": -3, "score_type": "", "drag_race": 10}}, {"model": "fantasydrag.rule", "pk": 141, "fields": {"name": "Sashay Away", "description": "Queen is eliminated in a LSFYL", "point_value": 0, "score_type": "", "drag_race": 10}}, {"model": "fantasydrag.rule", "pk": 142, "fields": {"name": "Reading is Fundamental", "description": "Reading mini-challenge winner (in addition to basic mini challenge score)", "point_value": 1, "score_type": "", "drag_race": 10}}, {"model": "fantasydrag.rule", "pk": 143, "fields": {"name": "Shantay You Stay", "description": "Queen wins a LSFYL", "point_value": 1, "score_type": "", "drag_race": 10}}, {"model": "fantasydrag.rule", "pk": 144, "fields": {"name": "Mini Challenge", "description": "Queen wins a mini challenge", "point_value": 2, "score_type": "", "drag_race": 10}}, {"model": "fantasydrag.rule", "pk": 145, "fields": {"name": "Safe is a Dirty Word", "description": "Queen is safe in main challenge", "point_value": 2, "score_type": "", "drag_race": 10}}, {"model": "fantasydrag.rule", "pk": 146, "fields": {"name": "Snatched for the Gods", "description": "Snatch Game Winner  (in addition to basic main challenge score)", "point_value": 2, "score_type": "", "drag_race": 10}}, {"model": "fantasydrag.rule", "pk": 147, "fields": {"name": "Double Shantay", "description": "Queen LSFYL and both contestants stay", "point_value": 3, "score_type": "", "drag_race": 10}}, {"model": "fantasydrag.rule", "pk": 148, "fields": {"name": "Main Challenge Runner Up", "description": "Queen is a runner up for the main challenge (not safe, but not in danger of LSFYL or Lip Stick vote off)", "point_value": 3, "score_type": "", "drag_race": 10}}, {"model": "fantasydrag.rule", "pk": 149, "fields": {"name": "You're a Winner, Baby!", "description": "Queen wins the main challenge", "point_value": 4, "score_type": "", "drag_race": 10}}, {"model": "fantasydrag.rule", "pk": 150, "fields": {"name": "Rudemption!", "description": "Queen returns to the season for their Rudemption", "point_value": 5, "score_type": "", "drag_race": 10}}, {"model": "fantasydrag.rule", "pk": 151, "fields": {"name": "Season Top 4", "description": "Queen made it to top 4 of the season", "point_value": 1, "score_type": "", "drag_race": 10}}, {"model": "fantasydrag.rule", "pk": 152, "fields": {"name": "RuPaul's Best Friend Race", "description": "Queen is voted Miss Congeniality", "point_value": 3, "score_type": "", "drag_race": 10}}, {"model": "fantasydrag.rule", "pk": 153, "fields": {"name": "Season Runner Up", "description": "Queen is the runner up for the crown!", "point_value": 5, "score_type": "", "drag_race": 10}}, {"model": "fantasydrag.rule", "pk": 154, "fields": {"name": "Prance, My Queen!", "description": "All hail the queen! This Queen won the season!", "point_value": 7, "score_type": "", "drag_race": 10}}, {"model": "fantasydrag.rule", "pk": 155, "fields": {"name": "Escandalo!", "description": "Queen is suddenly eliminated for breaking rules", "point_value": -5, "score_type": "", "drag_race": 11}}, {"model": "fantasydrag.rule", "pk": 156, "fields": {"name": "Double Sashay", "description": "Queen lip syncs and both contestants are eliminated", "point_value": -3, "score_type": "", "drag_race": 11}}, {"model": "fantasydrag.rule", "pk": 157, "fields": {"name": "Sashay Away", "description": "Queen is eliminated in a LSFYL", "point_value": 0, "score_type": "", "drag_race": 11}}, {"model": "fantasydrag.rule", "pk": 158, "fields": {"name": "Reading is Fundamental", "description": "Reading mini-challenge winner (in addition to basic mini challenge score)", "point_value": 1, "score_type": "", "drag_race": 11}}, {"model": "fantasydrag.rule", "pk": 159, "fields": {"name": "Shantay You Stay", "description": "Queen wins a LSFYL", "point_value": 1, "score_type": "", "drag_race": 11}}, {"model": "fantasydrag.rule", "pk": 160, "fields": {"name": "Mini Challenge", "description": "Queen wins a mini challenge", "point_value": 2, "score_type": "", "drag_race": 11}}, {"model": "fantasydrag.rule", "pk": 161, "fields": {"name": "Safe is a Dirty Word", "description": "Queen is safe in main challenge", "point_value": 2, "score_type": "", "drag_race": 11}}, {"model": "fantasydrag.rule", "pk": 162, "fields": {"name": "Snatched for the Gods", "description": "Snatch Game Winner  (in addition to basic main challenge score)", "point_value": 2, "score_type": "", "drag_race": 11}}, {"model": "fantasydrag.rule", "pk": 163, "fields": {"name": "Double Shantay", "description": "Queen LSFYL and both contestants stay", "point_value": 3, "score_type": "", "drag_race": 11}}, {"model": "fantasydrag.rule", "pk": 164, "fields": {"name": "Main Challenge Runner Up", "description": "Queen is a runner up for the main challenge (not safe, but not in danger of LSFYL or Lip Stick vote off)", "point_value": 3, "score_type": "", "drag_race": 11}}, {"model": "fantasydrag.rule", "pk": 165, "fields": {"name": "You're a Winner, Baby!", "description": "Queen wins the main challenge", "point_value": 4, "score_type": "", "drag_race": 11}}, {"model": "fantasydrag.rule", "pk": 166, "fields": {"name": "Rudemption!", "description": "Queen returns to the season for their Rudemption", "point_value": 5, "score_type": "", "drag_race": 11}}, {"model": "fantasydrag.rule", "pk": 167, "fields": {"name": "Season Top 4", "description": "Queen made it to top 4 of the season", "point_value": 1, "score_type": "", "drag_race": 11}}, {"model": "fantasydrag.rule", "pk": 168, "fields": {"name": "RuPaul's Best Friend Race", "description": "Queen is voted Miss Congeniality", "point_value": 3, "score_type": "", "drag_race": 11}}, {"model": "fantasydrag.rule", "pk": 169, "fields": {"name": "Season Runner Up", "description": "Queen is the runner up for the crown!", "point_value": 5, "score_type": "", "drag_race": 11}}, {"model": "fantasydrag.rule", "pk": 170, "fields": {"name": "Prance, My Queen!", "description": "All hail the queen! This Queen won the season!", "point_value": 7, "score_type": "", "drag_race": 11}}, {"model": "fantasydrag.rule", "pk": 171, "fields": {"name": "Escandalo!", "description": "Queen is suddenly eliminated for breaking rules", "point_value": -5, "score_type": "", "drag_race": 12}}, {"model": "fantasydrag.rule", "pk": 172, "fields": {"name": "Double Sashay", "description": "Queen lip syncs and both contestants are eliminated", "point_value": -3, "score_type": "", "drag_race": 12}}, {"model": "fantasydrag.rule", "pk": 173, "fields": {"name": "Sashay Away", "description": "Queen is eliminated in a LSFYL", "point_value": 0, "score_type": "", "drag_race": 12}}, {"model": "fantasydrag.rule", "pk": 174, "fields": {"name": "Reading is Fundamental", "description": "Reading mini-challenge winner (in addition to basic mini challenge score)", "point_value": 1, "score_type": "", "drag_race": 12}}, {"model": "fantasydrag.rule", "pk": 175, "fields": {"name": "Shantay You Stay", "description": "Queen wins a LSFYL", "point_value": 1, "score_type": "", "drag_race": 12}}, {"model": "fantasydrag.rule", "pk": 176, "fields": {"name": "Mini Challenge", "description": "Queen wins a mini challenge", "point_value": 2, "score_type": "", "drag_race": 12}}, {"model": "fantasydrag.rule", "pk": 177, "fields": {"name": "Safe is a Dirty Word", "description": "Queen is safe in main challenge", "point_value": 2, "score_type": "", "drag_race": 12}}, {"model": "fantasydrag.rule", "pk": 178, "fields": {"name": "Snatched for the Gods", "description": "Snatch Game Winner  (in addition to basic main challenge score)", "point_value": 2, "score_type": "", "drag_race": 12}}, {"model": "fantasydrag.rule", "pk": 179, "fields": {"name": "Double Shantay", "description": "Queen LSFYL and both contestants stay", "point_value": 3, "score_type": "", "drag_race": 12}}, {"model": "fantasydrag.rule", "pk": 180, "fields": {"name": "Main Challenge Runner Up", "description": "Queen is a runner up for the main challenge (not safe, but not in danger of LSFYL or Lip Stick vote off)", "point_value": 3, "score_type": "", "drag_race": 12}}, {"model": "fantasydrag.rule", "pk": 181, "fields": {"name": "You're a Winner, Baby!", "description": "Queen wins the main challenge", "point_value": 4, "score_type": "", "drag_race": 12}}, {"model": "fantasydrag.rule", "pk": 182, "fields": {"name": "Rudemption!", "description": "Queen returns to the season for their Rudemption", "point_value": 5, "score_type": "", "drag_race": 12}}, {"model": "fantasydrag.rule", "pk": 183, "fields": {"name": "Season Top 4", "description": "Queen made it to top 4 of the season", "point_value": 1, "score_type": "", "drag_race": 12}}, {"model": "fantasydrag.rule", "pk": 184, "fields": {"name": "RuPaul's Best Friend Race", "description": "Queen is voted Miss Congeniality", "point_value": 3, "score_type": "", "drag_race": 12}}, {"model": "fantasydrag.rule", "pk": 185, "fields": {"name": "Season Runner Up", "description": "Queen is the runner up for the crown!", "point_value": 5, "score_type": "", "drag_race": 12}}, {"model": "fantasydrag.rule", "pk": 186, "fields": {"name": "Prance, My Queen!", "description": "All hail the queen! This Queen won the season!", "point_value": 7, "score_type": "", "drag_race": 12}}, {"model": "fantasydrag.rule", "pk": 187, "fields": {"name": "Escandalo!", "description": "Queen is suddenly eliminated for breaking rules", "point_value": -5, "score_type": "", "drag_race": 13}}, {"model": "fantasydrag.rule", "pk": 188, "fields": {"name": "Double Sashay", "description": "Queen lip syncs and both contestants are eliminated", "point_value": -3, "score_type": "", "drag_race": 13}}, {"model": "fantasydrag.rule", "pk": 189, "fields": {"name": "Sashay Away", "description": "Queen is eliminated in a LSFYL", "point_value": 0, "score_type": "", "drag_race": 13}}, {"model": "fantasydrag.rule", "pk": 190, "fields": {"name": "Reading is Fundamental", "description": "Reading mini-challenge winner (in addition to basic mini challenge score)", "point_value": 1, "score_type": "", "drag_race": 13}}, {"model": "fantasydrag.rule", "pk": 191, "fields": {"name": "Shantay You Stay", "description": "Queen wins a LSFYL", "point_value": 1, "score_type": "", "drag_race": 13}}, {"model": "fantasydrag.rule", "pk": 192, "fields": {"name": "Mini Challenge", "description": "Queen wins a mini challenge", "point_value": 2, "score_type": "", "drag_race": 13}}, {"model": "fantasydrag.rule", "pk": 193, "fields": {"name": "Safe is a Dirty Word", "description": "Queen is safe in main challenge", "point_value": 2, "score_type": "", "drag_race": 13}}, {"model": "fantasydrag.rule", "pk": 194, "fields": {"name": "Snatched for the Gods", "description": "Snatch Game Winner  (in addition to basic main challenge score)", "point_value": 2, "score_type": "", "drag_race": 13}}, {"model": "fantasydrag.rule", "pk": 195, "fields": {"name": "Double Shantay", "description": "Queen LSFYL and both contestants stay", "point_value": 3, "score_type": "", "drag_race": 13}}, {"model": "fantasydrag.rule", "pk": 196, "fields": {"name": "Main Challenge Runner Up", "description": "Queen is a runner up for the main challenge (not safe, but not in danger of LSFYL or Lip Stick vote off)", "point_value": 3, "score_type": "", "drag_race": 13}}, {"model": "fantasydrag.rule", "pk": 197, "fields": {"name": "You're a Winner, Baby!", "description": "Queen wins the main challenge", "point_value": 4, "score_type": "", "drag_race": 13}}, {"model": "fantasydrag.rule", "pk": 198, "fields": {"name": "Rudemption!", "description": "Queen returns to the season for their Rudemption", "point_value": 5, "score_type": "", "drag_race": 13}}, {"model": "fantasydrag.rule", "pk": 199, "fields": {"name": "Season Top 4", "description": "Queen made it to top 4 of the season", "point_value": 1, "score_type": "", "drag_race": 13}}, {"model": "fantasydrag.rule", "pk": 200, "fields": {"name": "RuPaul's Best Friend Race", "description": "Queen is voted Miss Congeniality", "point_value": 3, "score_type": "", "drag_race": 13}}, {"model": "fantasydrag.rule", "pk": 201, "fields": {"name": "Season Runner Up", "description": "Queen is the runner up for the crown!", "point_value": 5, "score_type": "", "drag_race": 13}}, {"model": "fantasydrag.rule", "pk": 202, "fields": {"name": "Prance, My Queen!", "description": "All hail the queen! This Queen won the season!", "point_value": 7, "score_type": "", "drag_race": 13}}, {"model": "fantasydrag.rule", "pk": 203, "fields": {"name": "Escandalo!", "description": "Queen is suddenly eliminated for breaking rules", "point_value": -5, "score_type": "", "drag_race": 14}}, {"model": "fantasydrag.rule", "pk": 204, "fields": {"name": "Double Sashay", "description": "Queen lip syncs and both contestants are eliminated", "point_value": -3, "score_type": "", "drag_race": 14}}, {"model": "fantasydrag.rule", "pk": 205, "fields": {"name": "Sashay Away", "description": "Queen is eliminated in a LSFYL", "point_value": 0, "score_type": "", "drag_race": 14}}, {"model": "fantasydrag.rule", "pk": 206, "fields": {"name": "Reading is Fundamental", "description": "Reading mini-challenge winner (in addition to basic mini challenge score)", "point_value": 1, "score_type": "", "drag_race": 14}}, {"model": "fantasydrag.rule", "pk": 207, "fields": {"name": "Shantay You Stay", "description": "Queen wins a LSFYL", "point_value": 1, "score_type": "", "drag_race": 14}}, {"model": "fantasydrag.rule", "pk": 208, "fields": {"name": "Mini Challenge", "description": "Queen wins a mini challenge", "point_value": 2, "score_type": "", "drag_race": 14}}, {"model": "fantasydrag.rule", "pk": 209, "fields": {"name": "Safe is a Dirty Word", "description": "Queen is safe in main challenge", "point_value": 2, "score_type": "", "drag_race": 14}}, {"model": "fantasydrag.rule", "pk": 210, "fields": {"name": "Snatched for the Gods", "description": "Snatch Game Winner  (in addition to basic main challenge score)", "point_value": 2, "score_type": "", "drag_race": 14}}, {"model": "fantasydrag.rule", "pk": 211, "fields": {"name": "Double Shantay", "description": "Queen LSFYL and both contestants stay", "point_value": 3, "score_type": "", "drag_race": 14}}, {"model": "fantasydrag.rule", "pk": 212, "fields": {"name": "Main Challenge Runner Up", "description": "Queen is a runner up for the main challenge (not safe, but not in danger of LSFYL or Lip Stick vote off)", "point_value": 3, "score_type": "", "drag_race": 14}}, {"model": "fantasydrag.rule", "pk": 213, "fields": {"name": "You're a Winner, Baby!", "description": "Queen wins the main challenge", "point_value": 4, "score_type": "", "drag_race": 14}}, {"model": "fantasydrag.rule", "pk": 214, "fields": {"name": "Rudemption!", "description": "Queen returns to the season for their Rudemption", "point_value": 5, "score_type": "", "drag_race": 14}}, {"model": "fantasydrag.rule", "pk": 215, "fields": {"name": "Season Top 4", "description": "Queen made it to top 4 of the season", "point_value": 1, "score_type": "", "drag_race": 14}}, {"model": "fantasydrag.rule", "pk": 216, "fields": {"name": "RuPaul's Best Friend Race", "description": "Queen is voted Miss Congeniality", "point_value": 3, "score_type": "", "drag_race": 14}}, {"model": "fantasydrag.rule", "pk": 217, "fields": {"name": "Season Runner Up", "description": "Queen is the runner up for the crown!", "point_value": 5, "score_type": "", "drag_race": 14}}, {"model": "fantasydrag.rule", "pk": 218, "fields": {"name": "Prance, My Queen!", "description": "All hail the queen! This Queen won the season!", "point_value": 7, "score_type": "", "drag_race": 14}}, {"model": "fantasydrag.rule", "pk": 219, "fields": {"name": "Escandalo!", "description": "Queen is suddenly eliminated for breaking rules", "point_value": -5, "score_type": "", "drag_race": 15}}, {"model": "fantasydrag.rule", "pk": 220, "fields": {"name": "Double Sashay", "description": "Queen lip syncs and both contestants are eliminated", "point_value": -3, "score_type": "", "drag_race": 15}}, {"model": "fantasydrag.rule", "pk": 221, "fields": {"name": "Sashay Away", "description": "Queen is eliminated in a LSFYL", "point_value": 0, "score_type": "", "drag_race": 15}}, {"model": "fantasydrag.rule", "pk": 222, "fields": {"name": "Reading is Fundamental", "description": "Reading mini-challenge winner (in addition to basic mini challenge score)", "point_value": 1, "score_type": "", "drag_race": 15}}, {"model": "fantasydrag.rule", "pk": 223, "fields": {"name": "Shantay You Stay", "description": "Queen wins a LSFYL", "point_value": 1, "score_type": "", "drag_race": 15}}, {"model": "fantasydrag.rule", "pk": 224, "fields": {"name": "Mini Challenge", "description": "Queen wins a mini challenge", "point_value": 2, "score_type": "", "drag_race": 15}}, {"model": "fantasydrag.rule", "pk": 225, "fields": {"name": "Safe is a Dirty Word", "description": "Queen is safe in main challenge", "point_value": 2, "score_type": "", "drag_race": 15}}, {"model": "fantasydrag.rule", "pk": 226, "fields": {"name": "Snatched for the Gods", "description": "Snatch Game Winner  (in addition to basic main challenge score)", "point_value": 2, "score_type": "", "drag_race": 15}}, {"model": "fantasydrag.rule", "pk": 227, "fields": {"name": "Double Shantay", "description": "Queen LSFYL and both contestants stay", "point_value": 3, "score_type": "", "drag_race": 15}}, {"model": "fantasydrag.rule", "pk": 228, "fields": {"name": "Main Challenge Runner Up", "description": "Queen is a runner up for the main challenge (not safe, but not in danger of LSFYL or Lip Stick vote off)", "point_value": 3, "score_type": "", "drag_race": 15}}, {"model": "fantasydrag.rule", "pk": 229, "fields": {"name": "You're a Winner, Baby!", "description": "Queen wins the main challenge", "point_value": 4, "score_type": "", "drag_race": 15}}, {"model": "fantasydrag.rule", "pk": 230, "fields": {"name": "Rudemption!", "description": "Queen returns to the season for their Rudemption", "point_value": 5, "score_type": "", "drag_race": 15}}, {"model": "fantasydrag.rule", "pk": 231, "fields": {"name": "Season Top 4", "description": "Queen made it to top 4 of the season", "point_value": 1, "score_type": "", "drag_race": 15}}, {"model": "fantasydrag.rule", "pk": 232, "fields": {"name": "RuPaul's Best Friend Race", "description": "Queen is voted Miss Congeniality", "point_value": 3, "score_type": "", "drag_race": 15}}, {"model": "fantasydrag.rule", "pk": 233, "fields": {"name": "Season Runner Up", "description": "Queen is the runner up for the crown!", "point_value": 5, "score_type": "", "drag_race": 15}}, {"model": "fantasydrag.rule", "pk": 234, "fields": {"name": "Prance, My Queen!", "description": "All hail the queen! This Queen won the season!", "point_value": 7, "score_type": "", "drag_race": 15}}, {"model": "fantasydrag.score", "pk": 1, "fields": {"episode": 1, "queen": 3, "rule": 5}}, {"model": "fantasydrag.score", "pk": 2, "fields": {"episode": 1, "queen": 3, "rule": 16}}, {"model": "fantasydrag.score", "pk": 3, "fields": {"episode": 1, "queen": 2, "rule": 2}}, {"model": "fantasydrag.score", "pk": 4, "fields": {"episode": 1, "queen": 1, "rule": 2}}, {"model": "fantasydrag.score", "pk": 5, "fields": {"episode": 1, "queen": 5, "rule": 2}}, {"model": "fantasydrag.score", "pk": 6, "fields": {"episode": 1, "queen": 4, "rule": 2}}, {"model": "fantasydrag.score", "pk": 7, "fields": {"episode": 1, "queen": 6, "rule": 2}}, {"model": "fantasydrag.score", "pk": 8, "fields": {"episode": 1, "queen": 9, "rule": 2}}, {"model": "fantasydrag.score", "pk": 9, "fields": {"episode": 1, "queen": 3, "rule": 2}}, {"model": "fantasydrag.score", "pk": 10, "fields": {"episode": 1, "queen": 13, "rule": 3}}, {"model": "fantasydrag.score", "pk": 11, "fields": {"episode": 1, "queen": 7, "rule": 14}}, {"model": "fantasydrag.score", "pk": 12, "fields": {"episode": 1, "queen": 8, "rule": 14}}, {"model": "fantasydrag.score", "pk": 13, "fields": {"episode": 1, "queen": 11, "rule": 2}}, {"model": "fantasydrag.score", "pk": 14, "fields": {"episode": 1, "queen": 10, "rule": 4}}, {"model": "fantasydrag.score", "pk": 15, "fields": {"episode": 2, "queen": 8, "rule": 3}}, {"model": "fantasydrag.score", "pk": 19, "fields": {"episode": 2, "queen": 4, "rule": 2}}, {"model": "fantasydrag.score", "pk": 20, "fields": {"episode": 2, "queen": 11, "rule": 2}}, {"model": "fantasydrag.score", "pk": 21, "fields": {"episode": 2, "queen": 9, "rule": 2}}, {"model": "fantasydrag.score", "pk": 22, "fields": {"episode": 2, "queen": 7, "rule": 2}}, {"model": "fantasydrag.score", "pk": 23, "fields": {"episode": 2, "queen": 3, "rule": 2}}, {"model": "fantasydrag.score", "pk": 24, "fields": {"episode": 2, "queen": 12, "rule": 2}}, {"model": "fantasydrag.score", "pk": 25, "fields": {"episode": 2, "queen": 2, "rule": 14}}, {"model": "fantasydrag.score", "pk": 26, "fields": {"episode": 2, "queen": 6, "rule": 14}}, {"model": "fantasydrag.score", "pk": 27, "fields": {"episode": 2, "queen": 1, "rule": 2}}, {"model": "fantasydrag.score", "pk": 29, "fields": {"episode": 2, "queen": 5, "rule": 4}}, {"model": "fantasydrag.score", "pk": 32, "fields": {"episode": 2, "queen": 8, "rule": 7}}, {"model": "fantasydrag.score", "pk": 34, "fields": {"episode": 2, "queen": 13, "rule": 19}}, {"model": "fantasydrag.score", "pk": 35, "fields": {"episode": 1, "queen": 12, "rule": 19}}, {"model": "fantasydrag.score", "pk": 36, "fields": {"episode": 3, "queen": 7, "rule": 14}}, {"model": "fantasydrag.score", "pk": 37, "fields": {"episode": 3, "queen": 12, "rule": 3}}, {"model": "fantasydrag.score", "pk": 38, "fields": {"episode": 3, "queen": 8, "rule": 14}}, {"model": "fantasydrag.score", "pk": 39, "fields": {"episode": 3, "queen": 13, "rule": 14}}, {"model": "fantasydrag.score", "pk": 40, "fields": {"episode": 3, "queen": 9, "rule": 2}}, {"model": "fantasydrag.score", "pk": 41, "fields": {"episode": 3, "queen": 6, "rule": 2}}, {"model": "fantasydrag.score", "pk": 42, "fields": {"episode": 3, "queen": 2, "rule": 2}}, {"model": "fantasydrag.score", "pk": 43, "fields": {"episode": 3, "queen": 11, "rule": 4}}, {"model": "fantasydrag.score", "pk": 44, "fields": {"episode": 4, "queen": 8, "rule": 2}}, {"model": "fantasydrag.score", "pk": 45, "fields": {"episode": 4, "queen": 9, "rule": 2}}, {"model": "fantasydrag.score", "pk": 46, "fields": {"episode": 4, "queen": 6, "rule": 2}}, {"model": "fantasydrag.score", "pk": 47, "fields": {"episode": 4, "queen": 7, "rule": 2}}, {"model": "fantasydrag.score", "pk": 48, "fields": {"episode": 4, "queen": 4, "rule": 3}}, {"model": "fantasydrag.score", "pk": 49, "fields": {"episode": 4, "queen": 12, "rule": 14}}, {"model": "fantasydrag.score", "pk": 50, "fields": {"episode": 4, "queen": 2, "rule": 2}}, {"model": "fantasydrag.score", "pk": 51, "fields": {"episode": 4, "queen": 3, "rule": 2}}, {"model": "fantasydrag.score", "pk": 52, "fields": {"episode": 4, "queen": 13, "rule": 4}}, {"model": "fantasydrag.score", "pk": 53, "fields": {"episode": 4, "queen": 1, "rule": 19}}, {"model": "fantasydrag.score", "pk": 54, "fields": {"episode": 13, "queen": 11, "rule": 79}}, {"model": "fantasydrag.score", "pk": 55, "fields": {"episode": 13, "queen": 133, "rule": 80}}, {"model": "fantasydrag.score", "pk": 56, "fields": {"episode": 13, "queen": 138, "rule": 80}}, {"model": "fantasydrag.score", "pk": 57, "fields": {"episode": 13, "queen": 135, "rule": 83}}, {"model": "fantasydrag.score", "pk": 58, "fields": {"episode": 13, "queen": 1, "rule": 80}}, {"model": "fantasydrag.score", "pk": 59, "fields": {"episode": 13, "queen": 136, "rule": 80}}, {"model": "fantasydrag.score", "pk": 60, "fields": {"episode": 13, "queen": 140, "rule": 80}}, {"model": "fantasydrag.score", "pk": 61, "fields": {"episode": 13, "queen": 142, "rule": 77}}, {"model": "fantasydrag.score", "pk": 62, "fields": {"episode": 13, "queen": 134, "rule": 80}}, {"model": "fantasydrag.score", "pk": 63, "fields": {"episode": 13, "queen": 143, "rule": 74}}, {"model": "fantasydrag.score", "pk": 64, "fields": {"episode": 14, "queen": 11, "rule": 79}}, {"model": "fantasydrag.score", "pk": 65, "fields": {"episode": 14, "queen": 135, "rule": 79}}, {"model": "fantasydrag.score", "pk": 66, "fields": {"episode": 14, "queen": 134, "rule": 83}}, {"model": "fantasydrag.score", "pk": 67, "fields": {"episode": 14, "queen": 9, "rule": 83}}, {"model": "fantasydrag.score", "pk": 68, "fields": {"episode": 14, "queen": 135, "rule": 80}}, {"model": "fantasydrag.score", "pk": 69, "fields": {"episode": 14, "queen": 139, "rule": 80}}, {"model": "fantasydrag.score", "pk": 70, "fields": {"episode": 14, "queen": 133, "rule": 80}}, {"model": "fantasydrag.score", "pk": 71, "fields": {"episode": 14, "queen": 11, "rule": 80}}, {"model": "fantasydrag.score", "pk": 72, "fields": {"episode": 14, "queen": 137, "rule": 80}}, {"model": "fantasydrag.score", "pk": 73, "fields": {"episode": 14, "queen": 138, "rule": 80}}, {"model": "fantasydrag.score", "pk": 74, "fields": {"episode": 14, "queen": 136, "rule": 80}}, {"model": "fantasydrag.score", "pk": 75, "fields": {"episode": 14, "queen": 1, "rule": 80}}, {"model": "fantasydrag.score", "pk": 76, "fields": {"episode": 14, "queen": 140, "rule": 77}}, {"model": "fantasydrag.score", "pk": 77, "fields": {"episode": 14, "queen": 142, "rule": 74}}, {"model": "fantasydrag.score", "pk": 78, "fields": {"episode": 15, "queen": 8, "rule": 79}}, {"model": "fantasydrag.score", "pk": 79, "fields": {"episode": 15, "queen": 136, "rule": 79}}, {"model": "fantasydrag.score", "pk": 80, "fields": {"episode": 15, "queen": 136, "rule": 83}}, {"model": "fantasydrag.score", "pk": 81, "fields": {"episode": 15, "queen": 133, "rule": 82}}, {"model": "fantasydrag.score", "pk": 82, "fields": {"episode": 15, "queen": 139, "rule": 82}}, {"model": "fantasydrag.score", "pk": 88, "fields": {"episode": 15, "queen": 138, "rule": 77}}, {"model": "fantasydrag.score", "pk": 89, "fields": {"episode": 15, "queen": 8, "rule": 77}}, {"model": "fantasydrag.score", "pk": 90, "fields": {"episode": 15, "queen": 9, "rule": 77}}, {"model": "fantasydrag.score", "pk": 91, "fields": {"episode": 15, "queen": 1, "rule": 77}}, {"model": "fantasydrag.score", "pk": 92, "fields": {"episode": 15, "queen": 137, "rule": 77}}, {"model": "fantasydrag.score", "pk": 93, "fields": {"episode": 15, "queen": 141, "rule": 74}}, {"model": "fantasydrag.score", "pk": 94, "fields": {"episode": 13, "queen": 139, "rule": 77}}, {"model": "fantasydrag.score", "pk": 95, "fields": {"episode": 13, "queen": 141, "rule": 77}}, {"model": "fantasydrag.score", "pk": 96, "fields": {"episode": 13, "queen": 8, "rule": 77}}, {"model": "fantasydrag.score", "pk": 97, "fields": {"episode": 13, "queen": 9, "rule": 77}}, {"model": "fantasydrag.score", "pk": 98, "fields": {"episode": 13, "queen": 137, "rule": 77}}, {"model": "fantasydrag.score", "pk": 101, "fields": {"episode": 14, "queen": 8, "rule": 80}}, {"model": "fantasydrag.score", "pk": 102, "fields": {"episode": 14, "queen": 141, "rule": 80}}, {"model": "fantasydrag.score", "pk": 103, "fields": {"episode": 15, "queen": 135, "rule": 80}}, {"model": "fantasydrag.score", "pk": 104, "fields": {"episode": 15, "queen": 11, "rule": 80}}, {"model": "fantasydrag.score", "pk": 106, "fields": {"episode": 15, "queen": 140, "rule": 80}}, {"model": "fantasydrag.score", "pk": 107, "fields": {"episode": 15, "queen": 134, "rule": 80}}, {"model": "fantasydrag.score", "pk": 108, "fields": {"episode": 16, "queen": 9, "rule": 79}}, {"model": "fantasydrag.score", "pk": 110, "fields": {"episode": 16, "queen": 136, "rule": 80}}, {"model": "fantasydrag.score", "pk": 111, "fields": {"episode": 16, "queen": 139, "rule": 80}}, {"model": "fantasydrag.score", "pk": 112, "fields": {"episode": 16, "queen": 138, "rule": 80}}, {"model": "fantasydrag.score", "pk": 113, "fields": {"episode": 16, "queen": 137, "rule": 80}}, {"model": "fantasydrag.score", "pk": 114, "fields": {"episode": 16, "queen": 1, "rule": 80}}, {"model": "fantasydrag.score", "pk": 115, "fields": {"episode": 16, "queen": 135, "rule": 82}}, {"model": "fantasydrag.score", "pk": 116, "fields": {"episode": 16, "queen": 11, "rule": 83}}, {"model": "fantasydrag.score", "pk": 117, "fields": {"episode": 16, "queen": 133, "rule": 80}}, {"model": "fantasydrag.score", "pk": 118, "fields": {"episode": 16, "queen": 8, "rule": 77}}, {"model": "fantasydrag.score", "pk": 119, "fields": {"episode": 16, "queen": 140, "rule": 74}}, {"model": "fantasydrag.score", "pk": 120, "fields": {"episode": 16, "queen": 134, "rule": 80}}, {"model": "fantasydrag.score", "pk": 121, "fields": {"episode": 17, "queen": 8, "rule": 79}}, {"model": "fantasydrag.score", "pk": 122, "fields": {"episode": 17, "queen": 135, "rule": 83}}, {"model": "fantasydrag.score", "pk": 123, "fields": {"episode": 17, "queen": 134, "rule": 82}}, {"model": "fantasydrag.score", "pk": 124, "fields": {"episode": 17, "queen": 138, "rule": 80}}, {"model": "fantasydrag.score", "pk": 125, "fields": {"episode": 17, "queen": 11, "rule": 80}}, {"model": "fantasydrag.score", "pk": 126, "fields": {"episode": 17, "queen": 8, "rule": 80}}, {"model": "fantasydrag.score", "pk": 127, "fields": {"episode": 17, "queen": 133, "rule": 80}}, {"model": "fantasydrag.score", "pk": 128, "fields": {"episode": 17, "queen": 1, "rule": 80}}, {"model": "fantasydrag.score", "pk": 129, "fields": {"episode": 17, "queen": 136, "rule": 80}}, {"model": "fantasydrag.score", "pk": 130, "fields": {"episode": 17, "queen": 9, "rule": 80}}, {"model": "fantasydrag.score", "pk": 131, "fields": {"episode": 17, "queen": 139, "rule": 74}}, {"model": "fantasydrag.score", "pk": 132, "fields": {"episode": 17, "queen": 137, "rule": 77}}, {"model": "fantasydrag.score", "pk": 133, "fields": {"episode": 19, "queen": 1, "rule": 79}}, {"model": "fantasydrag.score", "pk": 134, "fields": {"episode": 19, "queen": 138, "rule": 79}}, {"model": "fantasydrag.score", "pk": 135, "fields": {"episode": 19, "queen": 1, "rule": 83}}, {"model": "fantasydrag.score", "pk": 136, "fields": {"episode": 19, "queen": 135, "rule": 80}}, {"model": "fantasydrag.score", "pk": 137, "fields": {"episode": 19, "queen": 134, "rule": 80}}, {"model": "fantasydrag.score", "pk": 138, "fields": {"episode": 19, "queen": 11, "rule": 80}}, {"model": "fantasydrag.score", "pk": 140, "fields": {"episode": 19, "queen": 137, "rule": 80}}, {"model": "fantasydrag.score", "pk": 141, "fields": {"episode": 19, "queen": 138, "rule": 80}}, {"model": "fantasydrag.score", "pk": 142, "fields": {"episode": 19, "queen": 133, "rule": 80}}, {"model": "fantasydrag.score", "pk": 143, "fields": {"episode": 19, "queen": 136, "rule": 80}}, {"model": "fantasydrag.score", "pk": 144, "fields": {"episode": 19, "queen": 8, "rule": 80}}, {"model": "fantasydrag.score", "pk": 145, "fields": {"episode": 19, "queen": 9, "rule": 74}}, {"model": "fantasydrag.score", "pk": 146, "fields": {"episode": 20, "queen": 136, "rule": 79}}, {"model": "fantasydrag.score", "pk": 147, "fields": {"episode": 20, "queen": 137, "rule": 79}}, {"model": "fantasydrag.score", "pk": 148, "fields": {"episode": 20, "queen": 138, "rule": 83}}, {"model": "fantasydrag.score", "pk": 149, "fields": {"episode": 20, "queen": 136, "rule": 80}}, {"model": "fantasydrag.score", "pk": 150, "fields": {"episode": 20, "queen": 135, "rule": 80}}, {"model": "fantasydrag.score", "pk": 151, "fields": {"episode": 20, "queen": 137, "rule": 80}}, {"model": "fantasydrag.score", "pk": 152, "fields": {"episode": 20, "queen": 133, "rule": 80}}, {"model": "fantasydrag.score", "pk": 153, "fields": {"episode": 20, "queen": 134, "rule": 80}}, {"model": "fantasydrag.score", "pk": 154, "fields": {"episode": 20, "queen": 11, "rule": 80}}, {"model": "fantasydrag.score", "pk": 155, "fields": {"episode": 20, "queen": 1, "rule": 77}}, {"model": "fantasydrag.score", "pk": 156, "fields": {"episode": 20, "queen": 8, "rule": 74}}, {"model": "fantasydrag.score", "pk": 157, "fields": {"episode": 21, "queen": 11, "rule": 79}}, {"model": "fantasydrag.score", "pk": 158, "fields": {"episode": 21, "queen": 11, "rule": 83}}, {"model": "fantasydrag.score", "pk": 159, "fields": {"episode": 21, "queen": 133, "rule": 80}}, {"model": "fantasydrag.score", "pk": 160, "fields": {"episode": 21, "queen": 137, "rule": 80}}, {"model": "fantasydrag.score", "pk": 161, "fields": {"episode": 21, "queen": 136, "rule": 80}}, {"model": "fantasydrag.score", "pk": 162, "fields": {"episode": 21, "queen": 1, "rule": 80}}, {"model": "fantasydrag.score", "pk": 163, "fields": {"episode": 21, "queen": 138, "rule": 80}}, {"model": "fantasydrag.score", "pk": 164, "fields": {"episode": 21, "queen": 134, "rule": 78}}, {"model": "fantasydrag.score", "pk": 165, "fields": {"episode": 21, "queen": 135, "rule": 78}}, {"model": "fantasydrag.score", "pk": 166, "fields": {"episode": 21, "queen": 11, "rule": 81}}, {"model": "fantasydrag.score", "pk": 167, "fields": {"episode": 16, "queen": 9, "rule": 80}}, {"model": "fantasydrag.score", "pk": 168, "fields": {"episode": 23, "queen": 135, "rule": 79}}, {"model": "fantasydrag.score", "pk": 169, "fields": {"episode": 23, "queen": 134, "rule": 80}}, {"model": "fantasydrag.score", "pk": 170, "fields": {"episode": 23, "queen": 136, "rule": 80}}, {"model": "fantasydrag.score", "pk": 171, "fields": {"episode": 23, "queen": 11, "rule": 80}}, {"model": "fantasydrag.score", "pk": 172, "fields": {"episode": 23, "queen": 1, "rule": 83}}, {"model": "fantasydrag.score", "pk": 173, "fields": {"episode": 23, "queen": 135, "rule": 80}}, {"model": "fantasydrag.score", "pk": 174, "fields": {"episode": 23, "queen": 137, "rule": 80}}, {"model": "fantasydrag.score", "pk": 175, "fields": {"episode": 23, "queen": 133, "rule": 77}}, {"model": "fantasydrag.score", "pk": 177, "fields": {"episode": 23, "queen": 138, "rule": 74}}, {"model": "fantasydrag.score", "pk": 178, "fields": {"episode": 24, "queen": 133, "rule": 79}}, {"model": "fantasydrag.score", "pk": 179, "fields": {"episode": 24, "queen": 135, "rule": 80}}, {"model": "fantasydrag.score", "pk": 180, "fields": {"episode": 24, "queen": 136, "rule": 83}}, {"model": "fantasydrag.score", "pk": 181, "fields": {"episode": 24, "queen": 1, "rule": 80}}, {"model": "fantasydrag.score", "pk": 182, "fields": {"episode": 24, "queen": 134, "rule": 80}}, {"model": "fantasydrag.score", "pk": 183, "fields": {"episode": 24, "queen": 11, "rule": 80}}, {"model": "fantasydrag.score", "pk": 184, "fields": {"episode": 24, "queen": 133, "rule": 77}}, {"model": "fantasydrag.score", "pk": 185, "fields": {"episode": 24, "queen": 137, "rule": 74}}, {"model": "fantasydrag.score", "pk": 186, "fields": {"episode": 25, "queen": 135, "rule": 79}}, {"model": "fantasydrag.score", "pk": 187, "fields": {"episode": 25, "queen": 135, "rule": 83}}, {"model": "fantasydrag.score", "pk": 188, "fields": {"episode": 25, "queen": 134, "rule": 80}}, {"model": "fantasydrag.score", "pk": 189, "fields": {"episode": 25, "queen": 1, "rule": 80}}, {"model": "fantasydrag.score", "pk": 190, "fields": {"episode": 25, "queen": 133, "rule": 80}}, {"model": "fantasydrag.score", "pk": 192, "fields": {"episode": 25, "queen": 136, "rule": 74}}, {"model": "fantasydrag.score", "pk": 193, "fields": {"episode": 25, "queen": 11, "rule": 77}}, {"model": "fantasydrag.score", "pk": 195, "fields": {"episode": 26, "queen": 134, "rule": 80}}, {"model": "fantasydrag.score", "pk": 196, "fields": {"episode": 26, "queen": 1, "rule": 80}}, {"model": "fantasydrag.score", "pk": 197, "fields": {"episode": 26, "queen": 11, "rule": 80}}, {"model": "fantasydrag.score", "pk": 198, "fields": {"episode": 26, "queen": 11, "rule": 85}}, {"model": "fantasydrag.score", "pk": 199, "fields": {"episode": 26, "queen": 134, "rule": 85}}, {"model": "fantasydrag.score", "pk": 200, "fields": {"episode": 26, "queen": 1, "rule": 85}}, {"model": "fantasydrag.score", "pk": 201, "fields": {"episode": 26, "queen": 135, "rule": 85}}, {"model": "fantasydrag.score", "pk": 202, "fields": {"episode": 26, "queen": 133, "rule": 74}}, {"model": "fantasydrag.score", "pk": 203, "fields": {"episode": 26, "queen": 135, "rule": 77}}, {"model": "fantasydrag.score", "pk": 206, "fields": {"episode": 28, "queen": 136, "rule": 71}}, {"model": "fantasydrag.score", "pk": 207, "fields": {"episode": 28, "queen": 11, "rule": 74}}, {"model": "fantasydrag.score", "pk": 208, "fields": {"episode": 28, "queen": 135, "rule": 77}}, {"model": "fantasydrag.score", "pk": 209, "fields": {"episode": 28, "queen": 1, "rule": 74}}, {"model": "fantasydrag.score", "pk": 210, "fields": {"episode": 28, "queen": 134, "rule": 77}}, {"model": "fantasydrag.score", "pk": 211, "fields": {"episode": 28, "queen": 135, "rule": 87}}, {"model": "fantasydrag.score", "pk": 212, "fields": {"episode": 28, "queen": 134, "rule": 88}}, {"model": "fantasydrag.score", "pk": 213, "fields": {"episode": 29, "queen": 15, "rule": 31}}, {"model": "fantasydrag.score", "pk": 214, "fields": {"episode": 29, "queen": 20, "rule": 25}}, {"model": "fantasydrag.score", "pk": 215, "fields": {"episode": 29, "queen": 22, "rule": 22}}, {"model": "fantasydrag.score", "pk": 216, "fields": {"episode": 29, "queen": 14, "rule": 28}}, {"model": "fantasydrag.score", "pk": 217, "fields": {"episode": 29, "queen": 19, "rule": 28}}, {"model": "fantasydrag.score", "pk": 218, "fields": {"episode": 29, "queen": 18, "rule": 28}}, {"model": "fantasydrag.score", "pk": 219, "fields": {"episode": 29, "queen": 16, "rule": 28}}, {"model": "fantasydrag.score", "pk": 220, "fields": {"episode": 29, "queen": 17, "rule": 28}}, {"model": "fantasydrag.score", "pk": 221, "fields": {"episode": 29, "queen": 21, "rule": 28}}, {"model": "fantasydrag.score", "pk": 222, "fields": {"episode": 30, "queen": 20, "rule": 27}}, {"model": "fantasydrag.score", "pk": 223, "fields": {"episode": 30, "queen": 18, "rule": 27}}, {"model": "fantasydrag.score", "pk": 224, "fields": {"episode": 30, "queen": 18, "rule": 31}}, {"model": "fantasydrag.score", "pk": 225, "fields": {"episode": 30, "queen": 20, "rule": 25}}, {"model": "fantasydrag.score", "pk": 226, "fields": {"episode": 30, "queen": 21, "rule": 22}}, {"model": "fantasydrag.score", "pk": 227, "fields": {"episode": 30, "queen": 14, "rule": 28}}, {"model": "fantasydrag.score", "pk": 228, "fields": {"episode": 30, "queen": 19, "rule": 28}}, {"model": "fantasydrag.score", "pk": 229, "fields": {"episode": 30, "queen": 15, "rule": 28}}, {"model": "fantasydrag.score", "pk": 230, "fields": {"episode": 30, "queen": 16, "rule": 28}}, {"model": "fantasydrag.score", "pk": 231, "fields": {"episode": 30, "queen": 17, "rule": 28}}, {"model": "fantasydrag.score", "pk": 232, "fields": {"episode": 31, "queen": 14, "rule": 31}}, {"model": "fantasydrag.score", "pk": 233, "fields": {"episode": 31, "queen": 17, "rule": 25}}, {"model": "fantasydrag.score", "pk": 234, "fields": {"episode": 31, "queen": 20, "rule": 22}}, {"model": "fantasydrag.score", "pk": 235, "fields": {"episode": 31, "queen": 19, "rule": 28}}, {"model": "fantasydrag.score", "pk": 236, "fields": {"episode": 31, "queen": 15, "rule": 28}}, {"model": "fantasydrag.score", "pk": 237, "fields": {"episode": 31, "queen": 18, "rule": 28}}, {"model": "fantasydrag.score", "pk": 239, "fields": {"episode": 31, "queen": 16, "rule": 28}}, {"model": "fantasydrag.score", "pk": 240, "fields": {"episode": 32, "queen": 19, "rule": 27}}, {"model": "fantasydrag.score", "pk": 241, "fields": {"episode": 32, "queen": 18, "rule": 31}}, {"model": "fantasydrag.score", "pk": 242, "fields": {"episode": 32, "queen": 19, "rule": 22}}, {"model": "fantasydrag.score", "pk": 243, "fields": {"episode": 32, "queen": 16, "rule": 25}}, {"model": "fantasydrag.score", "pk": 244, "fields": {"episode": 32, "queen": 14, "rule": 28}}, {"model": "fantasydrag.score", "pk": 245, "fields": {"episode": 32, "queen": 15, "rule": 28}}, {"model": "fantasydrag.score", "pk": 246, "fields": {"episode": 32, "queen": 17, "rule": 28}}, {"model": "fantasydrag.score", "pk": 247, "fields": {"episode": 33, "queen": 16, "rule": 27}}, {"model": "fantasydrag.score", "pk": 248, "fields": {"episode": 33, "queen": 16, "rule": 31}}, {"model": "fantasydrag.score", "pk": 249, "fields": {"episode": 33, "queen": 18, "rule": 22}}, {"model": "fantasydrag.score", "pk": 250, "fields": {"episode": 33, "queen": 14, "rule": 25}}, {"model": "fantasydrag.score", "pk": 251, "fields": {"episode": 33, "queen": 15, "rule": 28}}, {"model": "fantasydrag.score", "pk": 253, "fields": {"episode": 34, "queen": 15, "rule": 27}}, {"model": "fantasydrag.score", "pk": 254, "fields": {"episode": 34, "queen": 14, "rule": 31}}, {"model": "fantasydrag.score", "pk": 255, "fields": {"episode": 34, "queen": 17, "rule": 22}}, {"model": "fantasydrag.score", "pk": 256, "fields": {"episode": 34, "queen": 16, "rule": 25}}, {"model": "fantasydrag.score", "pk": 257, "fields": {"episode": 34, "queen": 15, "rule": 28}}, {"model": "fantasydrag.score", "pk": 258, "fields": {"episode": 33, "queen": 16, "rule": 33}}, {"model": "fantasydrag.score", "pk": 259, "fields": {"episode": 33, "queen": 15, "rule": 33}}, {"model": "fantasydrag.score", "pk": 260, "fields": {"episode": 33, "queen": 14, "rule": 33}}, {"model": "fantasydrag.score", "pk": 261, "fields": {"episode": 33, "queen": 16, "rule": 33}}, {"model": "fantasydrag.score", "pk": 262, "fields": {"episode": 35, "queen": 16, "rule": 22}}, {"model": "fantasydrag.score", "pk": 263, "fields": {"episode": 35, "queen": 15, "rule": 35}}, {"model": "fantasydrag.score", "pk": 264, "fields": {"episode": 35, "queen": 14, "rule": 36}}, {"model": "fantasydrag.score", "pk": 265, "fields": {"episode": 35, "queen": 15, "rule": 89}}, {"model": "fantasydrag.score", "pk": 266, "fields": {"episode": 36, "queen": 24, "rule": 44}}, {"model": "fantasydrag.score", "pk": 267, "fields": {"episode": 36, "queen": 29, "rule": 48}}, {"model": "fantasydrag.score", "pk": 268, "fields": {"episode": 36, "queen": 33, "rule": 39}}, {"model": "fantasydrag.score", "pk": 269, "fields": {"episode": 36, "queen": 28, "rule": 42}}, {"model": "fantasydrag.score", "pk": 270, "fields": {"episode": 36, "queen": 27, "rule": 45}}, {"model": "fantasydrag.score", "pk": 271, "fields": {"episode": 36, "queen": 25, "rule": 45}}, {"model": "fantasydrag.score", "pk": 272, "fields": {"episode": 36, "queen": 6, "rule": 45}}, {"model": "fantasydrag.score", "pk": 273, "fields": {"episode": 36, "queen": 31, "rule": 45}}, {"model": "fantasydrag.score", "pk": 274, "fields": {"episode": 36, "queen": 32, "rule": 45}}, {"model": "fantasydrag.score", "pk": 275, "fields": {"episode": 36, "queen": 7, "rule": 45}}, {"model": "fantasydrag.score", "pk": 276, "fields": {"episode": 36, "queen": 24, "rule": 45}}, {"model": "fantasydrag.score", "pk": 278, "fields": {"episode": 36, "queen": 26, "rule": 45}}, {"model": "fantasydrag.score", "pk": 279, "fields": {"episode": 36, "queen": 23, "rule": 45}}, {"model": "fantasydrag.score", "pk": 280, "fields": {"episode": 39, "queen": 12, "rule": 14}}, {"model": "fantasydrag.score", "pk": 281, "fields": {"episode": 39, "queen": 3, "rule": 3}}, {"model": "fantasydrag.score", "pk": 282, "fields": {"episode": 39, "queen": 2, "rule": 14}}, {"model": "fantasydrag.score", "pk": 283, "fields": {"episode": 39, "queen": 1, "rule": 14}}, {"model": "fantasydrag.score", "pk": 284, "fields": {"episode": 39, "queen": 8, "rule": 2}}, {"model": "fantasydrag.score", "pk": 285, "fields": {"episode": 39, "queen": 7, "rule": 2}}, {"model": "fantasydrag.score", "pk": 286, "fields": {"episode": 39, "queen": 3, "rule": 1}}, {"model": "fantasydrag.score", "pk": 287, "fields": {"episode": 39, "queen": 9, "rule": 4}}, {"model": "fantasydrag.score", "pk": 290, "fields": {"episode": 39, "queen": 6, "rule": 19}}, {"model": "fantasydrag.score", "pk": 291, "fields": {"episode": 39, "queen": 4, "rule": 19}}, {"model": "fantasydrag.score", "pk": 292, "fields": {"episode": 37, "queen": 27, "rule": 45}}, {"model": "fantasydrag.score", "pk": 293, "fields": {"episode": 37, "queen": 25, "rule": 45}}, {"model": "fantasydrag.score", "pk": 294, "fields": {"episode": 37, "queen": 23, "rule": 45}}, {"model": "fantasydrag.score", "pk": 295, "fields": {"episode": 37, "queen": 26, "rule": 45}}, {"model": "fantasydrag.score", "pk": 296, "fields": {"episode": 37, "queen": 29, "rule": 45}}, {"model": "fantasydrag.score", "pk": 297, "fields": {"episode": 37, "queen": 6, "rule": 45}}, {"model": "fantasydrag.score", "pk": 298, "fields": {"episode": 37, "queen": 31, "rule": 45}}, {"model": "fantasydrag.score", "pk": 299, "fields": {"episode": 37, "queen": 7, "rule": 45}}, {"model": "fantasydrag.score", "pk": 300, "fields": {"episode": 37, "queen": 7, "rule": 44}}, {"model": "fantasydrag.score", "pk": 301, "fields": {"episode": 37, "queen": 28, "rule": 44}}, {"model": "fantasydrag.score", "pk": 302, "fields": {"episode": 37, "queen": 28, "rule": 48}}, {"model": "fantasydrag.score", "pk": 303, "fields": {"episode": 37, "queen": 32, "rule": 39}}, {"model": "fantasydrag.score", "pk": 304, "fields": {"episode": 37, "queen": 24, "rule": 42}}, {"model": "fantasydrag.score", "pk": 305, "fields": {"episode": 40, "queen": 28, "rule": 44}}, {"model": "fantasydrag.score", "pk": 306, "fields": {"episode": 40, "queen": 28, "rule": 45}}, {"model": "fantasydrag.score", "pk": 307, "fields": {"episode": 40, "queen": 25, "rule": 45}}, {"model": "fantasydrag.score", "pk": 308, "fields": {"episode": 40, "queen": 26, "rule": 45}}, {"model": "fantasydrag.score", "pk": 309, "fields": {"episode": 40, "queen": 7, "rule": 45}}, {"model": "fantasydrag.score", "pk": 310, "fields": {"episode": 40, "queen": 27, "rule": 45}}, {"model": "fantasydrag.score", "pk": 311, "fields": {"episode": 40, "queen": 6, "rule": 45}}, {"model": "fantasydrag.score", "pk": 312, "fields": {"episode": 40, "queen": 6, "rule": 44}}, {"model": "fantasydrag.score", "pk": 313, "fields": {"episode": 40, "queen": 23, "rule": 48}}, {"model": "fantasydrag.score", "pk": 314, "fields": {"episode": 40, "queen": 31, "rule": 39}}, {"model": "fantasydrag.score", "pk": 315, "fields": {"episode": 40, "queen": 24, "rule": 42}}, {"model": "fantasydrag.score", "pk": 316, "fields": {"episode": 41, "queen": 23, "rule": 45}}, {"model": "fantasydrag.score", "pk": 317, "fields": {"episode": 41, "queen": 24, "rule": 45}}, {"model": "fantasydrag.score", "pk": 318, "fields": {"episode": 41, "queen": 24, "rule": 44}}, {"model": "fantasydrag.score", "pk": 319, "fields": {"episode": 41, "queen": 7, "rule": 45}}, {"model": "fantasydrag.score", "pk": 320, "fields": {"episode": 41, "queen": 27, "rule": 45}}, {"model": "fantasydrag.score", "pk": 321, "fields": {"episode": 41, "queen": 28, "rule": 45}}, {"model": "fantasydrag.score", "pk": 322, "fields": {"episode": 41, "queen": 29, "rule": 42}}, {"model": "fantasydrag.score", "pk": 323, "fields": {"episode": 41, "queen": 6, "rule": 39}}, {"model": "fantasydrag.score", "pk": 324, "fields": {"episode": 41, "queen": 26, "rule": 46}}, {"model": "fantasydrag.score", "pk": 325, "fields": {"episode": 42, "queen": 23, "rule": 48}}, {"model": "fantasydrag.score", "pk": 326, "fields": {"episode": 42, "queen": 24, "rule": 44}}, {"model": "fantasydrag.score", "pk": 327, "fields": {"episode": 42, "queen": 24, "rule": 45}}, {"model": "fantasydrag.score", "pk": 328, "fields": {"episode": 42, "queen": 25, "rule": 45}}, {"model": "fantasydrag.score", "pk": 329, "fields": {"episode": 42, "queen": 26, "rule": 45}}, {"model": "fantasydrag.score", "pk": 330, "fields": {"episode": 42, "queen": 7, "rule": 45}}, {"model": "fantasydrag.score", "pk": 331, "fields": {"episode": 42, "queen": 27, "rule": 45}}, {"model": "fantasydrag.score", "pk": 332, "fields": {"episode": 42, "queen": 28, "rule": 42}}, {"model": "fantasydrag.score", "pk": 333, "fields": {"episode": 42, "queen": 29, "rule": 39}}, {"model": "fantasydrag.score", "pk": 334, "fields": {"episode": 43, "queen": 23, "rule": 45}}, {"model": "fantasydrag.score", "pk": 335, "fields": {"episode": 43, "queen": 24, "rule": 45}}, {"model": "fantasydrag.score", "pk": 336, "fields": {"episode": 43, "queen": 25, "rule": 42}}, {"model": "fantasydrag.score", "pk": 337, "fields": {"episode": 43, "queen": 26, "rule": 45}}, {"model": "fantasydrag.score", "pk": 338, "fields": {"episode": 43, "queen": 7, "rule": 45}}, {"model": "fantasydrag.score", "pk": 339, "fields": {"episode": 43, "queen": 7, "rule": 44}}, {"model": "fantasydrag.score", "pk": 340, "fields": {"episode": 43, "queen": 27, "rule": 48}}, {"model": "fantasydrag.score", "pk": 341, "fields": {"episode": 43, "queen": 28, "rule": 39}}, {"model": "fantasydrag.score", "pk": 342, "fields": {"episode": 44, "queen": 23, "rule": 45}}, {"model": "fantasydrag.score", "pk": 343, "fields": {"episode": 44, "queen": 24, "rule": 48}}, {"model": "fantasydrag.score", "pk": 344, "fields": {"episode": 44, "queen": 25, "rule": 44}}, {"model": "fantasydrag.score", "pk": 345, "fields": {"episode": 44, "queen": 25, "rule": 40}}, {"model": "fantasydrag.score", "pk": 346, "fields": {"episode": 44, "queen": 25, "rule": 45}}, {"model": "fantasydrag.score", "pk": 347, "fields": {"episode": 44, "queen": 26, "rule": 42}}, {"model": "fantasydrag.score", "pk": 348, "fields": {"episode": 44, "queen": 7, "rule": 45}}, {"model": "fantasydrag.score", "pk": 349, "fields": {"episode": 44, "queen": 27, "rule": 39}}, {"model": "fantasydrag.score", "pk": 350, "fields": {"episode": 45, "queen": 23, "rule": 45}}, {"model": "fantasydrag.score", "pk": 351, "fields": {"episode": 45, "queen": 24, "rule": 48}}, {"model": "fantasydrag.score", "pk": 352, "fields": {"episode": 45, "queen": 25, "rule": 42}}, {"model": "fantasydrag.score", "pk": 353, "fields": {"episode": 45, "queen": 26, "rule": 44}}, {"model": "fantasydrag.score", "pk": 354, "fields": {"episode": 45, "queen": 26, "rule": 45}}, {"model": "fantasydrag.score", "pk": 355, "fields": {"episode": 45, "queen": 7, "rule": 39}}, {"model": "fantasydrag.score", "pk": 356, "fields": {"episode": 46, "queen": 23, "rule": 50}}, {"model": "fantasydrag.score", "pk": 357, "fields": {"episode": 46, "queen": 24, "rule": 50}}, {"model": "fantasydrag.score", "pk": 358, "fields": {"episode": 46, "queen": 25, "rule": 50}}, {"model": "fantasydrag.score", "pk": 359, "fields": {"episode": 46, "queen": 26, "rule": 50}}, {"model": "fantasydrag.score", "pk": 360, "fields": {"episode": 46, "queen": 23, "rule": 44}}, {"model": "fantasydrag.score", "pk": 361, "fields": {"episode": 46, "queen": 23, "rule": 48}}, {"model": "fantasydrag.score", "pk": 362, "fields": {"episode": 46, "queen": 24, "rule": 45}}, {"model": "fantasydrag.score", "pk": 363, "fields": {"episode": 46, "queen": 26, "rule": 39}}, {"model": "fantasydrag.score", "pk": 364, "fields": {"episode": 46, "queen": 25, "rule": 42}}, {"model": "fantasydrag.score", "pk": 365, "fields": {"episode": 47, "queen": 7, "rule": 90}}, {"model": "fantasydrag.score", "pk": 366, "fields": {"episode": 47, "queen": 23, "rule": 53}}, {"model": "fantasydrag.score", "pk": 367, "fields": {"episode": 47, "queen": 24, "rule": 52}}, {"model": "fantasydrag.score", "pk": 368, "fields": {"episode": 47, "queen": 25, "rule": 39}}, {"model": "fantasydrag.participant", "pk": 1, "fields": {"display_name": "Bo", "normalized_display_name": "bo", "user": 1, "site_admin": true, "episodes": [13, 1, 36, 29, 2, 14, 30, 37, 31, 15, 40, 3, 32, 16, 4, 41, 33, 39, 42, 19, 34, 43, 20, 44, 45, 21, 46, 23, 24, 47, 25, 26, 28]}}, {"model": "fantasydrag.participant", "pk": 2, "fields": {"display_name": "Chelsea", "normalized_display_name": "chelsea", "user": 2, "site_admin": false, "episodes": [1, 2]}}, {"model": "fantasydrag.participant", "pk": 3, "fields": {"display_name": "Gingy", "normalized_display_name": "kristen", "user": 4, "site_admin": true, "episodes": [1, 2, 3, 4]}}, {"model": "fantasydrag.participant", "pk": 4, "fields": {"display_name": "Kirsten", "normalized_display_name": "kirsten", "user": 3, "site_admin": false, "episodes": [1, 2, 3, 4]}}, {"model": "fantasydrag.participant", "pk": 5, "fields": {"display_name": "Ata", "normalized_display_name": "ata", "user": 6, "site_admin": false, "episodes": [1]}}, {"model": "fantasydrag.participant", "pk": 6, "fields": {"display_name": "Katelyn", "normalized_display_name": "katelyn", "user": 5, "site_admin": false, "episodes": [1, 2, 3]}}, {"model": "fantasydrag.panel", "pk": 1, "fields": {"code": "3a249e90-6f2c-4cb7-9ff3-408a35aa4308", "name": "Team Porkchop", "normalized_name": "teamporkchop", "drag_race": 1, "panel_type": "byInvite", "wildcard_allowance": 0, "participant_limit": 1, "draft_order": [], "draft_rounds": {}, "participant_drafts": {}, "current_round": 1, "current_participant": 0, "total_drafts": 0, "status": "active", "participants": [1, 2, 3, 4, 5, 6], "captains": [1]}}, {"model": "fantasydrag.draft", "pk": 1326, "fields": {"participant": 3, "queen": 3, "panel": 1, "round_selected": 1}}, {"model": "fantasydrag.draft", "pk": 1327, "fields": {"participant": 4, "queen": 2, "panel": 1, "round_selected": 1}}, {"model": "fantasydrag.draft", "pk": 1328, "fields": {"participant": 6, "queen": 1, "panel": 1, "round_selected": 1}}, {"model": "fantasydrag.draft", "pk": 1329, "fields": {"participant": 1, "queen": 5, "panel": 1, "round_selected": 1}}, {"model": "fantasydrag.draft", "pk": 1330, "fields": {"participant": 5, "queen": 2, "panel": 1, "round_selected": 1}}, {"model": "fantasydrag.draft", "pk": 1331, "fields": {"participant": 2, "queen": 5, "panel": 1, "round_selected": 1}}, {"model": "fantasydrag.draft", "pk": 1332, "fields": {"participant": 2, "queen": 12, "panel": 1, "round_selected": 1}}, {"model": "fantasydrag.draft", "pk": 1333, "fields": {"participant": 5, "queen": 3, "panel": 1, "round_selected": 1}}, {"model": "fantasydrag.draft", "pk": 1334, "fields": {"participant": 3, "queen": 11, "panel": 1, "round_selected": 2}}, {"model": "fantasydrag.draft", "pk": 1335, "fields": {"participant": 4, "queen": 11, "panel": 1, "round_selected": 2}}, {"model": "fantasydrag.draft", "pk": 1336, "fields": {"participant": 6, "queen": 9, "panel": 1, "round_selected": 2}}, {"model": "fantasydrag.draft", "pk": 1337, "fields": {"participant": 1, "queen": 4, "panel": 1, "round_selected": 2}}, {"model": "fantasydrag.draft", "pk": 1338, "fields": {"participant": 5, "queen": 1, "panel": 1, "round_selected": 2}}, {"model": "fantasydrag.draft", "pk": 1339, "fields": {"participant": 2, "queen": 10, "panel": 1, "round_selected": 2}}, {"model": "fantasydrag.draft", "pk": 1340, "fields": {"participant": 3, "queen": 4, "panel": 1, "round_selected": 3}}, {"model": "fantasydrag.draft", "pk": 1341, "fields": {"participant": 4, "queen": 9, "panel": 1, "round_selected": 3}}, {"model": "fantasydrag.draft", "pk": 1342, "fields": {"participant": 6, "queen": 6, "panel": 1, "round_selected": 3}}, {"model": "fantasydrag.draft", "pk": 1343, "fields": {"participant": 1, "queen": 7, "panel": 1, "round_selected": 3}}, {"model": "fantasydrag.draft", "pk": 1344, "fields": {"participant": 5, "queen": 13, "panel": 1, "round_selected": 3}}, {"model": "fantasydrag.draft", "pk": 1345, "fields": {"participant": 2, "queen": 13, "panel": 1, "round_selected": 3}}, {"model": "fantasydrag.draft", "pk": 1346, "fields": {"participant": 3, "queen": 10, "panel": 1, "round_selected": 4}}, {"model": "fantasydrag.draft", "pk": 1347, "fields": {"participant": 4, "queen": 8, "panel": 1, "round_selected": 4}}, {"model": "fantasydrag.draft", "pk": 1348, "fields": {"participant": 6, "queen": 7, "panel": 1, "round_selected": 4}}, {"model": "fantasydrag.draft", "pk": 1349, "fields": {"participant": 1, "queen": 12, "panel": 1, "round_selected": 4}}, {"model": "fantasydrag.draft", "pk": 1350, "fields": {"participant": 5, "queen": 8, "panel": 1, "round_selected": 4}}, {"model": "fantasydrag.draft", "pk": 1351, "fields": {"participant": 2, "queen": 6, "panel": 1, "round_selected": 4}}, {"model": "fantasydrag.wildcardqueen", "pk": 1, "fields": {"participant": 2, "queen": 157, "panel": 1}}, {"model": "fantasydrag.wildcardqueen", "pk": 2, "fields": {"participant": 2, "queen": 149, "panel": 1}}, {"model": "fantasydrag.wildcardqueen", "pk": 3, "fields": {"participant": 2, "queen": 125, "panel": 1}}, {"model": "fantasydrag.wildcardqueen", "pk": 4, "fields": {"participant": 2, "queen": 114, "panel": 1}}, {"model": "fantasydrag.wildcardqueen", "pk": 5, "fields": {"participant": 2, "queen": 59, "panel": 1}}, {"model": "fantasydrag.wildcardqueen", "pk": 6, "fields": {"participant": 5, "queen": 146, "panel": 1}}, {"model": "fantasydrag.wildcardqueen", "pk": 7, "fields": {"participant": 5, "queen": 134, "panel": 1}}, {"model": "fantasydrag.wildcardqueen", "pk": 8, "fields": {"participant": 5, "queen": 62, "panel": 1}}, {"model": "fantasydrag.wildcardqueen", "pk": 9, "fields": {"participant": 5, "queen": 58, "panel": 1}}, {"model": "fantasydrag.wildcardqueen", "pk": 10, "fields": {"participant": 5, "queen": 46, "panel": 1}}, {"model": "fantasydrag.wildcardqueen", "pk": 11, "fields": {"participant": 6, "queen": 158, "panel": 1}}, {"model": "fantasydrag.wildcardqueen", "pk": 12, "fields": {"participant": 6, "queen": 133, "panel": 1}}, {"model": "fantasydrag.wildcardqueen", "pk": 13, "fields": {"participant": 6, "queen": 96, "panel": 1}}, {"model": "fantasydrag.wildcardqueen", "pk": 14, "fields": {"participant": 6, "queen": 83, "panel": 1}}, {"model": "fantasydrag.wildcardqueen", "pk": 15, "fields": {"participant": 6, "queen": 24, "panel": 1}}, {"model": "fantasydrag.wildcardqueen", "pk": 16, "fields": {"participant": 1, "queen": 111, "panel": 1}}, {"model": "fantasydrag.wildcardqueen", "pk": 17, "fields": {"participant": 1, "queen": 100, "panel": 1}}, {"model": "fantasydrag.wildcardqueen", "pk": 18, "fields": {"participant": 1, "queen": 87, "panel": 1}}, {"model": "fantasydrag.wildcardqueen", "pk": 19, "fields": {"participant": 1, "queen": 85, "panel": 1}}, {"model": "fantasydrag.wildcardqueen", "pk": 20, "fields": {"participant": 1, "queen": 48, "panel": 1}}, {"model": "fantasydrag.wildcardqueen", "pk": 21, "fields": {"participant": 4, "queen": 150, "panel": 1}}, {"model": "fantasydrag.wildcardqueen", "pk": 22, "fields": {"participant": 4, "queen": 144, "panel": 1}}, {"model": "fantasydrag.wildcardqueen", "pk": 23, "fields": {"participant": 4, "queen": 123, "panel": 1}}, {"model": "fantasydrag.wildcardqueen", "pk": 24, "fields": {"participant": 4, "queen": 110, "panel": 1}}, {"model": "fantasydrag.wildcardqueen", "pk": 25, "fields": {"participant": 4, "queen": 33, "panel": 1}}, {"model": "fantasydrag.wildcardqueen", "pk": 26, "fields": {"participant": 3, "queen": 70, "panel": 1}}, {"model": "fantasydrag.wildcardqueen", "pk": 27, "fields": {"participant": 3, "queen": 74, "panel": 1}}, {"model": "fantasydrag.wildcardqueen", "pk": 28, "fields": {"participant": 3, "queen": 86, "panel": 1}}, {"model": "fantasydrag.wildcardqueen", "pk": 29, "fields": {"participant": 3, "queen": 135, "panel": 1}}, {"model": "fantasydrag.wildcardqueen", "pk": 30, "fields": {"participant": 3, "queen": 156, "panel": 1}}, {"model": "fantasydrag.appearancetype", "pk": 1, "fields": {"name": "Flashback", "point_value": "0.5", "description": "Queen appears in a flashback"}}, {"model": "fantasydrag.appearancetype", "pk": 2, "fields": {"name": "In-person", "point_value": "1.0", "description": "Queen appears on the show in-person or on a TV call"}}, {"model": "fantasydrag.appearancetype", "pk": 3, "fields": {"name": "Lip Sync Assassin", "point_value": "3.0", "description": "Queen appears as a lip sync assassin in a LSFYL(egacy)"}}, {"model": "fantasydrag.wildcardappearance", "pk": 1, "fields": {"queen": 135, "episode": 2, "appearance": 3}}, {"model": "fantasydrag.wildcardappearance", "pk": 2, "fields": {"queen": 93, "episode": 1, "appearance": 1}}, {"model": "fantasydrag.wildcardappearance", "pk": 3, "fields": {"queen": 100, "episode": 1, "appearance": 1}}, {"model": "fantasydrag.wildcardappearance", "pk": 4, "fields": {"queen": 61, "episode": 1, "appearance": 3}}, {"model": "fantasydrag.wildcardappearance", "pk": 5, "fields": {"queen": 76, "episode": 3, "appearance": 3}}, {"model": "fantasydrag.wildcardappearance", "pk": 6, "fields": {"queen": 49, "episode": 4, "appearance": 1}}, {"model": "fantasydrag.wildcardappearance", "pk": 7, "fields": {"queen": 123, "episode": 4, "appearance": 1}}, {"model": "fantasydrag.wildcardappearance", "pk": 8, "fields": {"queen": 23, "episode": 4, "appearance": 1}}, {"model": "fantasydrag.wildcardappearance", "pk": 9, "fields": {"queen": 70, "episode": 4, "appearance": 1}}, {"model": "fantasydrag.wildcardappearance", "pk": 10, "fields": {"queen": 27, "episode": 4, "appearance": 3}}, {"model": "fantasydrag.wildcardappearance", "pk": 11, "fields": {"queen": 100, "episode": 14, "appearance": 2}}, {"model": "fantasydrag.wildcardappearance", "pk": 12, "fields": {"queen": 3, "episode": 16, "appearance": 2}}, {"model": "fantasydrag.wildcardappearance", "pk": 13, "fields": {"queen": 87, "episode": 17, "appearance": 2}}, {"model": "fantasydrag.wildcardappearance", "pk": 14, "fields": {"queen": 62, "episode": 20, "appearance": 2}}, {"model": "fantasydrag.wildcardappearance", "pk": 15, "fields": {"queen": 29, "episode": 21, "appearance": 2}}, {"model": "fantasydrag.wildcardappearance", "pk": 16, "fields": {"queen": 57, "episode": 21, "appearance": 2}}, {"model": "fantasydrag.wildcardappearance", "pk": 17, "fields": {"queen": 38, "episode": 24, "appearance": 2}}, {"model": "fantasydrag.wildcardappearance", "pk": 19, "fields": {"queen": 70, "episode": 39, "appearance": 2}}, {"model": "fantasydrag.wildcardappearance", "pk": 21, "fields": {"queen": 129, "episode": 39, "appearance": 3}}]