[{"model": "fantasydrag.queen", "pk": 1, "fields": {"name": "A'keria C. Davenport"}}, {"model": "fantasydrag.queen", "pk": 2, "fields": {"name": "Eureka!"}}, {"model": "fantasydrag.queen", "pk": 3, "fields": {"name": "Ginger Minj"}}, {"model": "fantasydrag.queen", "pk": 4, "fields": {"name": "Jan"}}, {"model": "fantasydrag.queen", "pk": 5, "fields": {"name": "Jiggly Caliente"}}, {"model": "fantasydrag.queen", "pk": 6, "fields": {"name": "Kylie Sonique Love"}}, {"model": "fantasydrag.queen", "pk": 7, "fields": {"name": "Pandora Boxx"}}, {"model": "fantasydrag.queen", "pk": 8, "fields": {"name": "Ra'Jah O'Hara"}}, {"model": "fantasydrag.queen", "pk": 9, "fields": {"name": "Scarlet Envy"}}, {"model": "fantasydrag.queen", "pk": 10, "fields": {"name": "Serena ChaCha"}}, {"model": "fantasydrag.queen", "pk": 11, "fields": {"name": "Silky Nutmeg Ganache"}}, {"model": "fantasydrag.queen", "pk": 12, "fields": {"name": "Trinity K. Bonet"}}, {"model": "fantasydrag.queen", "pk": 13, "fields": {"name": "Yara Sofia"}}, {"model": "fantasydrag.queen", "pk": 14, "fields": {"name": "BeBe Zahara Benet"}}, {"model": "fantasydrag.queen", "pk": 15, "fields": {"name": "Nina Flowers"}}, {"model": "fantasydrag.queen", "pk": 16, "fields": {"name": "Rebecca Glasscock"}}, {"model": "fantasydrag.queen", "pk": 17, "fields": {"name": "Shannel"}}, {"model": "fantasydrag.queen", "pk": 18, "fields": {"name": "Ongina"}}, {"model": "fantasydrag.queen", "pk": 19, "fields": {"name": "Jade"}}, {"model": "fantasydrag.queen", "pk": 20, "fields": {"name": "Akashia"}}, {"model": "fantasydrag.queen", "pk": 21, "fields": {"name": "Tammie Brown"}}, {"model": "fantasydrag.queen", "pk": 22, "fields": {"name": "Porkchop"}}, {"model": "fantasydrag.queen", "pk": 23, "fields": {"name": "Tyra Sanchez"}}, {"model": "fantasydrag.queen", "pk": 24, "fields": {"name": "Raven"}}, {"model": "fantasydrag.queen", "pk": 25, "fields": {"name": "Jujubee"}}, {"model": "fantasydrag.queen", "pk": 26, "fields": {"name": "Tatianna"}}, {"model": "fantasydrag.queen", "pk": 27, "fields": {"name": "Jessica Wild"}}, {"model": "fantasydrag.queen", "pk": 28, "fields": {"name": "Sahara Davenport"}}, {"model": "fantasydrag.queen", "pk": 29, "fields": {"name": "Morgan McMichaels"}}, {"model": "fantasydrag.queen", "pk": 30, "fields": {"name": "Sonique"}}, {"model": "fantasydrag.queen", "pk": 31, "fields": {"name": "Mystique Summers Madison"}}, {"model": "fantasydrag.queen", "pk": 32, "fields": {"name": "Nicole Paige Brooks"}}, {"model": "fantasydrag.queen", "pk": 33, "fields": {"name": "Shangela"}}, {"model": "fantasydrag.queen", "pk": 34, "fields": {"name": "Raja"}}, {"model": "fantasydrag.queen", "pk": 35, "fields": {"name": "Manila Luzon "}}, {"model": "fantasydrag.queen", "pk": 36, "fields": {"name": "Alexis Mateo"}}, {"model": "fantasydrag.queen", "pk": 37, "fields": {"name": "Carmen Carrera"}}, {"model": "fantasydrag.queen", "pk": 38, "fields": {"name": "Delta Work"}}, {"model": "fantasydrag.queen", "pk": 39, "fields": {"name": "Stacy Layne Matthews"}}, {"model": "fantasydrag.queen", "pk": 40, "fields": {"name": "Mariah"}}, {"model": "fantasydrag.queen", "pk": 41, "fields": {"name": "India Ferrah"}}, {"model": "fantasydrag.queen", "pk": 42, "fields": {"name": "Mimi Imfurst"}}, {"model": "fantasydrag.queen", "pk": 43, "fields": {"name": "Phoenix"}}, {"model": "fantasydrag.queen", "pk": 44, "fields": {"name": "Venus D-Lite "}}, {"model": "fantasydrag.queen", "pk": 45, "fields": {"name": "Sharon Needles"}}, {"model": "fantasydrag.queen", "pk": 46, "fields": {"name": "Chad Michaels"}}, {"model": "fantasydrag.queen", "pk": 47, "fields": {"name": "Phi Phi O'Hara"}}, {"model": "fantasydrag.queen", "pk": 48, "fields": {"name": "Latrice Royale"}}, {"model": "fantasydrag.queen", "pk": 49, "fields": {"name": "Kenya Michaels"}}, {"model": "fantasydrag.queen", "pk": 50, "fields": {"name": "DiDa Ritz"}}, {"model": "fantasydrag.queen", "pk": 51, "fields": {"name": "Willam"}}, {"model": "fantasydrag.queen", "pk": 52, "fields": {"name": "Milan"}}, {"model": "fantasydrag.queen", "pk": 53, "fields": {"name": "Madame LaQueer"}}, {"model": "fantasydrag.queen", "pk": 54, "fields": {"name": "The Princess"}}, {"model": "fantasydrag.queen", "pk": 55, "fields": {"name": "Lashauwn Beyond"}}, {"model": "fantasydrag.queen", "pk": 56, "fields": {"name": "Alisa Summers"}}, {"model": "fantasydrag.queen", "pk": 57, "fields": {"name": "Jinkx Monsoon"}}, {"model": "fantasydrag.queen", "pk": 58, "fields": {"name": "Alaska"}}, {"model": "fantasydrag.queen", "pk": 59, "fields": {"name": "Roxxxy Andrews"}}, {"model": "fantasydrag.queen", "pk": 60, "fields": {"name": "Detox"}}, {"model": "fantasydrag.queen", "pk": 61, "fields": {"name": "Coco Montrese"}}, {"model": "fantasydrag.queen", "pk": 62, "fields": {"name": "Alyssa Edwards"}}, {"model": "fantasydrag.queen", "pk": 63, "fields": {"name": "Ivy Winters"}}, {"model": "fantasydrag.queen", "pk": 64, "fields": {"name": "Jade Jolie"}}, {"model": "fantasydrag.queen", "pk": 65, "fields": {"name": "Lineysha Sparx"}}, {"model": "fantasydrag.queen", "pk": 66, "fields": {"name": "Vivienne Pinay"}}, {"model": "fantasydrag.queen", "pk": 67, "fields": {"name": "Honey Mahogany"}}, {"model": "fantasydrag.queen", "pk": 68, "fields": {"name": "Monica Beverly Hillz"}}, {"model": "fantasydrag.queen", "pk": 69, "fields": {"name": "Penny Tration"}}, {"model": "fantasydrag.queen", "pk": 70, "fields": {"name": "Bianca Del Rio"}}, {"model": "fantasydrag.queen", "pk": 71, "fields": {"name": "Adore Delano"}}, {"model": "fantasydrag.queen", "pk": 72, "fields": {"name": "Courtney Act"}}, {"model": "fantasydrag.queen", "pk": 73, "fields": {"name": "Darienne Lake"}}, {"model": "fantasydrag.queen", "pk": 74, "fields": {"name": "BenDeLaCreme"}}, {"model": "fantasydrag.queen", "pk": 75, "fields": {"name": "Joslyn Fox"}}, {"model": "fantasydrag.queen", "pk": 76, "fields": {"name": "Laganja Estranja"}}, {"model": "fantasydrag.queen", "pk": 77, "fields": {"name": "Milk"}}, {"model": "fantasydrag.queen", "pk": 78, "fields": {"name": "Gia Gunn"}}, {"model": "fantasydrag.queen", "pk": 79, "fields": {"name": "April Carrión"}}, {"model": "fantasydrag.queen", "pk": 80, "fields": {"name": "Vivacious"}}, {"model": "fantasydrag.queen", "pk": 81, "fields": {"name": "Magnolia Crawford"}}, {"model": "fantasydrag.queen", "pk": 82, "fields": {"name": "Kelly Mantle"}}, {"model": "fantasydrag.queen", "pk": 83, "fields": {"name": "Violet Chachkie"}}, {"model": "fantasydrag.queen", "pk": 84, "fields": {"name": "Pearl"}}, {"model": "fantasydrag.queen", "pk": 85, "fields": {"name": "Kennedy Davenport"}}, {"model": "fantasydrag.queen", "pk": 86, "fields": {"name": "Katya"}}, {"model": "fantasydrag.queen", "pk": 87, "fields": {"name": "Trixie Mattel"}}, {"model": "fantasydrag.queen", "pk": 88, "fields": {"name": "Miss Fame"}}, {"model": "fantasydrag.queen", "pk": 89, "fields": {"name": "Jaidynn Diore Fierce"}}, {"model": "fantasydrag.queen", "pk": 90, "fields": {"name": "Max"}}, {"model": "fantasydrag.queen", "pk": 91, "fields": {"name": "Kandy Ho"}}, {"model": "fantasydrag.queen", "pk": 92, "fields": {"name": "Mrs. Kasha Davis"}}, {"model": "fantasydrag.queen", "pk": 93, "fields": {"name": "Jasmine Masters"}}, {"model": "fantasydrag.queen", "pk": 94, "fields": {"name": "Sasha Belle"}}, {"model": "fantasydrag.queen", "pk": 95, "fields": {"name": "Tempest DuJour"}}, {"model": "fantasydrag.queen", "pk": 96, "fields": {"name": "Bob the Drag Queen"}}, {"model": "fantasydrag.queen", "pk": 97, "fields": {"name": "Kim Chi"}}, {"model": "fantasydrag.queen", "pk": 98, "fields": {"name": "Naomi Smalls"}}, {"model": "fantasydrag.queen", "pk": 99, "fields": {"name": "Chi Chi DeVayne"}}, {"model": "fantasydrag.queen", "pk": 100, "fields": {"name": "Derrick Barry"}}, {"model": "fantasydrag.queen", "pk": 101, "fields": {"name": "Thorgy Thor"}}, {"model": "fantasydrag.queen", "pk": 102, "fields": {"name": "Robbie Turner"}}, {"model": "fantasydrag.queen", "pk": 103, "fields": {"name": "Acid Betty"}}, {"model": "fantasydrag.queen", "pk": 104, "fields": {"name": "Naysha Lopez"}}, {"model": "fantasydrag.queen", "pk": 105, "fields": {"name": "Cynthia Lee Fontaine"}}, {"model": "fantasydrag.queen", "pk": 106, "fields": {"name": "Dax ExclamationPoint"}}, {"model": "fantasydrag.queen", "pk": 107, "fields": {"name": "Laila McQueen"}}, {"model": "fantasydrag.queen", "pk": 108, "fields": {"name": "Sasha Velour"}}, {"model": "fantasydrag.queen", "pk": 109, "fields": {"name": "Peppermint"}}, {"model": "fantasydrag.queen", "pk": 110, "fields": {"name": "Shea Couleé"}}, {"model": "fantasydrag.queen", "pk": 111, "fields": {"name": "Trinity Taylor/The Tuck"}}, {"model": "fantasydrag.queen", "pk": 112, "fields": {"name": "Alexis Michelle"}}, {"model": "fantasydrag.queen", "pk": 113, "fields": {"name": "Nina Bo'nina Brown"}}, {"model": "fantasydrag.queen", "pk": 114, "fields": {"name": "Valentina"}}, {"model": "fantasydrag.queen", "pk": 115, "fields": {"name": "Farrah Moan"}}, {"model": "fantasydrag.queen", "pk": 116, "fields": {"name": "Aja"}}, {"model": "fantasydrag.queen", "pk": 118, "fields": {"name": "Charlie Hides"}}, {"model": "fantasydrag.queen", "pk": 119, "fields": {"name": "Kimora Blac"}}, {"model": "fantasydrag.queen", "pk": 120, "fields": {"name": "Jaymes Mansfield"}}, {"model": "fantasydrag.queen", "pk": 121, "fields": {"name": "Aquaria"}}, {"model": "fantasydrag.queen", "pk": 122, "fields": {"name": "Kameron Michaels"}}, {"model": "fantasydrag.queen", "pk": 123, "fields": {"name": "Asia O'Hara"}}, {"model": "fantasydrag.queen", "pk": 124, "fields": {"name": "Miz Cracker"}}, {"model": "fantasydrag.queen", "pk": 125, "fields": {"name": "Monét X Change"}}, {"model": "fantasydrag.queen", "pk": 126, "fields": {"name": "The Vixen"}}, {"model": "fantasydrag.queen", "pk": 127, "fields": {"name": "Monique Heart"}}, {"model": "fantasydrag.queen", "pk": 128, "fields": {"name": "Blair St. Clair"}}, {"model": "fantasydrag.queen", "pk": 129, "fields": {"name": "Mayhem Miller"}}, {"model": "fantasydrag.queen", "pk": 130, "fields": {"name": "Dusty Ray Bottoms"}}, {"model": "fantasydrag.queen", "pk": 131, "fields": {"name": "Yuhua Hamasaki"}}, {"model": "fantasydrag.queen", "pk": 132, "fields": {"name": "Kalorie Karbdashian Williams"}}, {"model": "fantasydrag.queen", "pk": 133, "fields": {"name": "Vanessa Vanjie Mateo"}}, {"model": "fantasydrag.queen", "pk": 134, "fields": {"name": "Yvie Oddly"}}, {"model": "fantasydrag.queen", "pk": 135, "fields": {"name": "Brooke Lynn Hytes"}}, {"model": "fantasydrag.queen", "pk": 136, "fields": {"name": "Nina West"}}, {"model": "fantasydrag.queen", "pk": 137, "fields": {"name": "Shuga Cain"}}, {"model": "fantasydrag.queen", "pk": 138, "fields": {"name": "Plastique Tiara"}}, {"model": "fantasydrag.queen", "pk": 139, "fields": {"name": "Ariel Versace"}}, {"model": "fantasydrag.queen", "pk": 140, "fields": {"name": "Mercedes Iman Diamond"}}, {"model": "fantasydrag.queen", "pk": 141, "fields": {"name": "Honey Davenport"}}, {"model": "fantasydrag.queen", "pk": 142, "fields": {"name": "Kahanna Montrese"}}, {"model": "fantasydrag.queen", "pk": 143, "fields": {"name": "Soju"}}, {"model": "fantasydrag.queen", "pk": 144, "fields": {"name": "Jaida Essence Hall"}}, {"model": "fantasydrag.queen", "pk": 145, "fields": {"name": "Crystal Methyd"}}, {"model": "fantasydrag.queen", "pk": 146, "fields": {"name": "Gigi Goode"}}, {"model": "fantasydrag.queen", "pk": 147, "fields": {"name": "Sherry Pie"}}, {"model": "fantasydrag.queen", "pk": 148, "fields": {"name": "Jackie Cox"}}, {"model": "fantasydrag.queen", "pk": 149, "fields": {"name": "Heidi N Closet"}}, {"model": "fantasydrag.queen", "pk": 150, "fields": {"name": "Widow Von'Du"}}, {"model": "fantasydrag.queen", "pk": 151, "fields": {"name": "Brita"}}, {"model": "fantasydrag.queen", "pk": 152, "fields": {"name": "Aiden Zhane"}}, {"model": "fantasydrag.queen", "pk": 153, "fields": {"name": "Nicky Doll"}}, {"model": "fantasydrag.queen", "pk": 154, "fields": {"name": "Rock M. Sakura"}}, {"model": "fantasydrag.queen", "pk": 155, "fields": {"name": "Dahlia Sin"}}, {"model": "fantasydrag.queen", "pk": 156, "fields": {"name": "Symone"}}, {"model": "fantasydrag.queen", "pk": 157, "fields": {"name": "Kandy Muse"}}, {"model": "fantasydrag.queen", "pk": 158, "fields": {"name": "Gottmik"}}, {"model": "fantasydrag.queen", "pk": 159, "fields": {"name": "Rosé"}}, {"model": "fantasydrag.queen", "pk": 160, "fields": {"name": "Olivia Lux"}}, {"model": "fantasydrag.queen", "pk": 161, "fields": {"name": "Utica Queen"}}, {"model": "fantasydrag.queen", "pk": 162, "fields": {"name": "Tina Burner"}}, {"model": "fantasydrag.queen", "pk": 163, "fields": {"name": "Denali"}}, {"model": "fantasydrag.queen", "pk": 164, "fields": {"name": "Elliott with 2 Ts"}}, {"model": "fantasydrag.queen", "pk": 165, "fields": {"name": "LaLa Ri"}}, {"model": "fantasydrag.queen", "pk": 166, "fields": {"name": "Tamisha Iman"}}, {"model": "fantasydrag.queen", "pk": 167, "fields": {"name": "Joey Jay"}}, {"model": "fantasydrag.queen", "pk": 168, "fields": {"name": "Kahmora Hall"}}, {"model": "fantasydrag.dragrace", "pk": 1, "fields": {"season": 6, "race_type": "all star", "franchise": "US", "queens": [1, 2, 3, 4, 5, 6, 7, 8, 9, 10, 11, 12, 13]}}, {"model": "fantasydrag.episode", "pk": 1, "fields": {"drag_race": 1, "number": 1, "title": "All Star Variety Extravaganza", "is_scored": true}}, {"model": "fantasydrag.episode", "pk": 2, "fields": {"drag_race": 1, "number": 2, "title": "The Blue Ball", "is_scored": true}}, {"model": "fantasydrag.episode", "pk": 3, "fields": {"drag_race": 1, "number": 3, "title": "Side Hustles", "is_scored": true}}, {"model": "fantasydrag.episode", "pk": 4, "fields": {"drag_race": 1, "number": 4, "title": "Halftime Headliners", "is_scored": true}}, {"model": "fantasydrag.episode", "pk": 5, "fields": {"drag_race": 1, "number": 5, "title": null, "is_scored": false}}, {"model": "fantasydrag.episode", "pk": 6, "fields": {"drag_race": 1, "number": 7, "title": null, "is_scored": false}}, {"model": "fantasydrag.episode", "pk": 7, "fields": {"drag_race": 1, "number": 8, "title": null, "is_scored": false}}, {"model": "fantasydrag.episode", "pk": 8, "fields": {"drag_race": 1, "number": 9, "title": null, "is_scored": false}}, {"model": "fantasydrag.episode", "pk": 9, "fields": {"drag_race": 1, "number": 10, "title": null, "is_scored": false}}, {"model": "fantasydrag.episode", "pk": 10, "fields": {"drag_race": 1, "number": 11, "title": null, "is_scored": false}}, {"model": "fantasydrag.episode", "pk": 11, "fields": {"drag_race": 1, "number": 12, "title": null, "is_scored": false}}, {"model": "fantasydrag.episode", "pk": 12, "fields": {"drag_race": 1, "number": 6, "title": null, "is_scored": false}}, {"model": "fantasydrag.defaultrule", "pk": 1, "fields": {"name": "Escandalo!", "description": "Queen is suddenly eliminated for breaking rules", "point_value": -5, "score_type": "episode"}}, {"model": "fantasydrag.defaultrule", "pk": 2, "fields": {"name": "Double Sashay", "description": "Queen lip syncs and both contestants are eliminated", "point_value": -3, "score_type": "episode"}}, {"model": "fantasydrag.defaultrule", "pk": 3, "fields": {"name": "Sashay Away", "description": "Queen is eliminated, either from a LSFYL or a a lip stick vote off", "point_value": 0, "score_type": "episode"}}, {"model": "fantasydrag.defaultrule", "pk": 4, "fields": {"name": "Reading is Fundamental", "description": "Reading mini-challenge winner (in addition to basic mini challenge score)", "point_value": 1, "score_type": "episode"}}, {"model": "fantasydrag.defaultrule", "pk": 5, "fields": {"name": "Rumocracy Rules", "description": "Queen was up for a lip stick vote and stays in the competition", "point_value": 1, "score_type": "episode"}}, {"model": "fantasydrag.defaultrule", "pk": 6, "fields": {"name": "Shantay You Stay", "description": "Queen wins a lip sync (either in a LSFYL or against a lip sync assassin)", "point_value": 1, "score_type": "episode"}}, {"model": "fantasydrag.defaultrule", "pk": 7, "fields": {"name": "Double Shantay", "description": "Queen LSFYL or against a LSA, and both contestants win", "point_value": 2, "score_type": "episode"}}, {"model": "fantasydrag.defaultrule", "pk": 8, "fields": {"name": "Mini Challenge", "description": "Queen wins a mini challenge", "point_value": 2, "score_type": "episode"}}, {"model": "fantasydrag.defaultrule", "pk": 9, "fields": {"name": "Safe is a Dirty Word", "description": "Queen is safe in main challenge", "point_value": 2, "score_type": "episode"}}, {"model": "fantasydrag.defaultrule", "pk": 10, "fields": {"name": "Snatched for the Gods", "description": "Snatch Game Winner  (in addition to basic main challenge score)", "point_value": 2, "score_type": "episode"}}, {"model": "fantasydrag.defaultrule", "pk": 11, "fields": {"name": "Main Challenge Runner Up", "description": "Queen is a runner up for the main challenge (not safe, but not in danger of LSFYL or Lip Stick vote off)", "point_value": 3, "score_type": "episode"}}, {"model": "fantasydrag.defaultrule", "pk": 12, "fields": {"name": "You're a Winner, Baby!", "description": "Queen wins the main challenge", "point_value": 4, "score_type": "episode"}}, {"model": "fantasydrag.defaultrule", "pk": 13, "fields": {"name": "Rudemption!", "description": "Queen returns to the season for their Rudemption", "point_value": 5, "score_type": "episode"}}, {"model": "fantasydrag.defaultrule", "pk": 14, "fields": {"name": "Season Top 4", "description": "Queen made it to top 4 of the season", "point_value": 1, "score_type": "season"}}, {"model": "fantasydrag.defaultrule", "pk": 15, "fields": {"name": "Season Top 3", "description": "Queen made it to top 3 of the season", "point_value": 2, "score_type": "season"}}, {"model": "fantasydrag.defaultrule", "pk": 16, "fields": {"name": "Season Runner Up", "description": "Queen is the runner up for the crown!", "point_value": 5, "score_type": "season"}}, {"model": "fantasydrag.defaultrule", "pk": 17, "fields": {"name": "Prance, My Queen!", "description": "All hail the queen! This Queen won the season!", "point_value": 9, "score_type": "season"}}, {"model": "fantasydrag.rule", "pk": 1, "fields": {"name": "Shantay You Stay", "description": "Queen wins a lip sync (either in a LSFYL or against a lip sync assassin)", "point_value": 1, "score_type": "episode", "drag_race": 1}}, {"model": "fantasydrag.rule", "pk": 2, "fields": {"name": "Safe is a Dirty Word", "description": "Queen is safe in main challenge", "point_value": 2, "score_type": "episode", "drag_race": 1}}, {"model": "fantasydrag.rule", "pk": 3, "fields": {"name": "You're a Winner, Baby!", "description": "Queen wins the main challenge", "point_value": 4, "score_type": "episode", "drag_race": 1}}, {"model": "fantasydrag.rule", "pk": 4, "fields": {"name": "Sashay Away", "description": "Queen is eliminated, either from a LSFYL or a a lip stick vote off", "point_value": 0, "score_type": "episode", "drag_race": 1}}, {"model": "fantasydrag.rule", "pk": 5, "fields": {"name": "Mini Challenge", "description": "Queen wins a mini challenge", "point_value": 2, "score_type": "episode", "drag_race": 1}}, {"model": "fantasydrag.rule", "pk": 6, "fields": {"name": "Rudemption!", "description": "Queen returns to the season for their Rudemption", "point_value": 5, "score_type": "episode", "drag_race": 1}}, {"model": "fantasydrag.rule", "pk": 7, "fields": {"name": "Double Shantay", "description": "Queen LSFYL or against a LSA, and both contestants win", "point_value": 2, "score_type": "episode", "drag_race": 1}}, {"model": "fantasydrag.rule", "pk": 8, "fields": {"name": "Double Sashay", "description": "Queen lip syncs and both contestants are eliminated", "point_value": -3, "score_type": "episode", "drag_race": 1}}, {"model": "fantasydrag.rule", "pk": 9, "fields": {"name": "Prance, My Queen!", "description": "All hail the queen! This Queen won the season!", "point_value": 9, "score_type": "season", "drag_race": 1}}, {"model": "fantasydrag.rule", "pk": 11, "fields": {"name": "Season Top 4", "description": "Queen made it to top 4 of the season", "point_value": 1, "score_type": "season", "drag_race": 1}}, {"model": "fantasydrag.rule", "pk": 12, "fields": {"name": "Season Top 3", "description": "Queen made it to top 3 of the season", "point_value": 2, "score_type": "season", "drag_race": 1}}, {"model": "fantasydrag.rule", "pk": 13, "fields": {"name": "Season Runner Up", "description": "Queen is the runner up for the crown!", "point_value": 5, "score_type": "season", "drag_race": 1}}, {"model": "fantasydrag.rule", "pk": 14, "fields": {"name": "Main Challenge Runner Up", "description": "Queen is a runner up for the main challenge (not safe, but not in danger of LSFYL or Lip Stick vote off)", "point_value": 3, "score_type": "episode", "drag_race": 1}}, {"model": "fantasydrag.rule", "pk": 15, "fields": {"name": "Snatched for the Gods", "description": "Snatch Game Winner  (in addition to basic main challenge score)", "point_value": 2, "score_type": "episode", "drag_race": 1}}, {"model": "fantasydrag.rule", "pk": 16, "fields": {"name": "Reading is Fundamental", "description": "Reading mini-challenge winner (in addition to basic mini challenge score)", "point_value": 1, "score_type": "episode", "drag_race": 1}}, {"model": "fantasydrag.rule", "pk": 18, "fields": {"name": "Escandalo!", "description": "Queen is suddenly eliminated for breaking rules", "point_value": -5, "score_type": "episode", "drag_race": 1}}, {"model": "fantasydrag.rule", "pk": 19, "fields": {"name": "Rumocracy Rules", "description": "Queen was up for a lip stick vote and stays in the competition", "point_value": 1, "score_type": "episode", "drag_race": 1}}, {"model": "fantasydrag.score", "pk": 1, "fields": {"episode": 1, "queen": 3, "rule": 5}}, {"model": "fantasydrag.score", "pk": 2, "fields": {"episode": 1, "queen": 3, "rule": 16}}, {"model": "fantasydrag.score", "pk": 3, "fields": {"episode": 1, "queen": 2, "rule": 2}}, {"model": "fantasydrag.score", "pk": 4, "fields": {"episode": 1, "queen": 1, "rule": 2}}, {"model": "fantasydrag.score", "pk": 5, "fields": {"episode": 1, "queen": 5, "rule": 2}}, {"model": "fantasydrag.score", "pk": 6, "fields": {"episode": 1, "queen": 4, "rule": 2}}, {"model": "fantasydrag.score", "pk": 7, "fields": {"episode": 1, "queen": 6, "rule": 2}}, {"model": "fantasydrag.score", "pk": 8, "fields": {"episode": 1, "queen": 9, "rule": 2}}, {"model": "fantasydrag.score", "pk": 9, "fields": {"episode": 1, "queen": 3, "rule": 2}}, {"model": "fantasydrag.score", "pk": 10, "fields": {"episode": 1, "queen": 13, "rule": 3}}, {"model": "fantasydrag.score", "pk": 11, "fields": {"episode": 1, "queen": 7, "rule": 14}}, {"model": "fantasydrag.score", "pk": 12, "fields": {"episode": 1, "queen": 8, "rule": 14}}, {"model": "fantasydrag.score", "pk": 13, "fields": {"episode": 1, "queen": 11, "rule": 2}}, {"model": "fantasydrag.score", "pk": 14, "fields": {"episode": 1, "queen": 10, "rule": 4}}, {"model": "fantasydrag.score", "pk": 15, "fields": {"episode": 2, "queen": 8, "rule": 3}}, {"model": "fantasydrag.score", "pk": 19, "fields": {"episode": 2, "queen": 4, "rule": 2}}, {"model": "fantasydrag.score", "pk": 20, "fields": {"episode": 2, "queen": 11, "rule": 2}}, {"model": "fantasydrag.score", "pk": 21, "fields": {"episode": 2, "queen": 9, "rule": 2}}, {"model": "fantasydrag.score", "pk": 22, "fields": {"episode": 2, "queen": 7, "rule": 2}}, {"model": "fantasydrag.score", "pk": 23, "fields": {"episode": 2, "queen": 3, "rule": 2}}, {"model": "fantasydrag.score", "pk": 24, "fields": {"episode": 2, "queen": 12, "rule": 2}}, {"model": "fantasydrag.score", "pk": 25, "fields": {"episode": 2, "queen": 2, "rule": 14}}, {"model": "fantasydrag.score", "pk": 26, "fields": {"episode": 2, "queen": 6, "rule": 14}}, {"model": "fantasydrag.score", "pk": 27, "fields": {"episode": 2, "queen": 1, "rule": 2}}, {"model": "fantasydrag.score", "pk": 29, "fields": {"episode": 2, "queen": 5, "rule": 4}}, {"model": "fantasydrag.score", "pk": 32, "fields": {"episode": 2, "queen": 8, "rule": 7}}, {"model": "fantasydrag.score", "pk": 34, "fields": {"episode": 2, "queen": 13, "rule": 19}}, {"model": "fantasydrag.score", "pk": 35, "fields": {"episode": 1, "queen": 12, "rule": 19}}, {"model": "fantasydrag.score", "pk": 36, "fields": {"episode": 3, "queen": 7, "rule": 14}}, {"model": "fantasydrag.score", "pk": 37, "fields": {"episode": 3, "queen": 12, "rule": 3}}, {"model": "fantasydrag.score", "pk": 38, "fields": {"episode": 3, "queen": 8, "rule": 14}}, {"model": "fantasydrag.score", "pk": 39, "fields": {"episode": 3, "queen": 13, "rule": 14}}, {"model": "fantasydrag.score", "pk": 40, "fields": {"episode": 3, "queen": 9, "rule": 2}}, {"model": "fantasydrag.score", "pk": 41, "fields": {"episode": 3, "queen": 6, "rule": 2}}, {"model": "fantasydrag.score", "pk": 42, "fields": {"episode": 3, "queen": 2, "rule": 2}}, {"model": "fantasydrag.score", "pk": 43, "fields": {"episode": 3, "queen": 11, "rule": 4}}, {"model": "fantasydrag.score", "pk": 44, "fields": {"episode": 4, "queen": 8, "rule": 2}}, {"model": "fantasydrag.score", "pk": 45, "fields": {"episode": 4, "queen": 9, "rule": 2}}, {"model": "fantasydrag.score", "pk": 46, "fields": {"episode": 4, "queen": 6, "rule": 2}}, {"model": "fantasydrag.score", "pk": 47, "fields": {"episode": 4, "queen": 7, "rule": 2}}, {"model": "fantasydrag.score", "pk": 48, "fields": {"episode": 4, "queen": 4, "rule": 3}}, {"model": "fantasydrag.score", "pk": 49, "fields": {"episode": 4, "queen": 12, "rule": 14}}, {"model": "fantasydrag.score", "pk": 50, "fields": {"episode": 4, "queen": 2, "rule": 2}}, {"model": "fantasydrag.score", "pk": 51, "fields": {"episode": 4, "queen": 3, "rule": 2}}, {"model": "fantasydrag.score", "pk": 52, "fields": {"episode": 4, "queen": 13, "rule": 4}}, {"model": "fantasydrag.score", "pk": 53, "fields": {"episode": 4, "queen": 1, "rule": 19}}, {"model": "fantasydrag.participant", "pk": 1, "fields": {"display_name": "Bo", "normalized_display_name": "bo", "user": 1, "site_admin": true, "episodes": [1, 2, 3, 4]}}, {"model": "fantasydrag.participant", "pk": 2, "fields": {"display_name": "Chelsea", "normalized_display_name": "chelsea", "user": 2, "site_admin": false, "episodes": [1, 2]}}, {"model": "fantasydrag.participant", "pk": 3, "fields": {"display_name": "Kristen", "normalized_display_name": "kristen", "user": 4, "site_admin": false, "episodes": [1, 2]}}, {"model": "fantasydrag.participant", "pk": 4, "fields": {"display_name": "Kirsten", "normalized_display_name": "kirsten", "user": 3, "site_admin": false, "episodes": [1, 2, 3, 4]}}, {"model": "fantasydrag.participant", "pk": 5, "fields": {"display_name": "Ata", "normalized_display_name": "ata", "user": 6, "site_admin": false, "episodes": [1]}}, {"model": "fantasydrag.participant", "pk": 6, "fields": {"display_name": "Katelyn", "normalized_display_name": "katelyn", "user": 5, "site_admin": false, "episodes": [1, 2, 3]}}, {"model": "fantasydrag.panel", "pk": 1, "fields": {"name": "Team Porkchop", "drag_race": 1, "queen_draft_allowance": 2, "team_size": 1, "draft_data": {"round 1": [3, 4, 6, 1, 5, 2], "round 2": [3, 4, 6, 1, 5, 2], "round 3": [3, 4, 6, 1, 5, 2], "round 4": [3, 4, 6, 1, 5, 2], "draft_index": 4, "can_end_draft": true, "participant_order": [3, 4, 6, 1, 5, 2], "current_participant": 2, "can_go_to_next_round": true}, "status": "active", "draft_type": "byQueenCount", "participants": [1, 2, 3, 4, 5, 6], "captains": [1]}}, {"model": "fantasydrag.draft", "pk": 1326, "fields": {"participant": 3, "queen": 3, "panel": 1, "round_selected": 1}}, {"model": "fantasydrag.draft", "pk": 1327, "fields": {"participant": 4, "queen": 2, "panel": 1, "round_selected": 1}}, {"model": "fantasydrag.draft", "pk": 1328, "fields": {"participant": 6, "queen": 1, "panel": 1, "round_selected": 1}}, {"model": "fantasydrag.draft", "pk": 1329, "fields": {"participant": 1, "queen": 5, "panel": 1, "round_selected": 1}}, {"model": "fantasydrag.draft", "pk": 1330, "fields": {"participant": 5, "queen": 2, "panel": 1, "round_selected": 1}}, {"model": "fantasydrag.draft", "pk": 1331, "fields": {"participant": 2, "queen": 5, "panel": 1, "round_selected": 1}}, {"model": "fantasydrag.draft", "pk": 1332, "fields": {"participant": 2, "queen": 12, "panel": 1, "round_selected": 1}}, {"model": "fantasydrag.draft", "pk": 1333, "fields": {"participant": 5, "queen": 3, "panel": 1, "round_selected": 1}}, {"model": "fantasydrag.draft", "pk": 1334, "fields": {"participant": 3, "queen": 11, "panel": 1, "round_selected": 2}}, {"model": "fantasydrag.draft", "pk": 1335, "fields": {"participant": 4, "queen": 11, "panel": 1, "round_selected": 2}}, {"model": "fantasydrag.draft", "pk": 1336, "fields": {"participant": 6, "queen": 9, "panel": 1, "round_selected": 2}}, {"model": "fantasydrag.draft", "pk": 1337, "fields": {"participant": 1, "queen": 4, "panel": 1, "round_selected": 2}}, {"model": "fantasydrag.draft", "pk": 1338, "fields": {"participant": 5, "queen": 1, "panel": 1, "round_selected": 2}}, {"model": "fantasydrag.draft", "pk": 1339, "fields": {"participant": 2, "queen": 10, "panel": 1, "round_selected": 2}}, {"model": "fantasydrag.draft", "pk": 1340, "fields": {"participant": 3, "queen": 4, "panel": 1, "round_selected": 3}}, {"model": "fantasydrag.draft", "pk": 1341, "fields": {"participant": 4, "queen": 9, "panel": 1, "round_selected": 3}}, {"model": "fantasydrag.draft", "pk": 1342, "fields": {"participant": 6, "queen": 6, "panel": 1, "round_selected": 3}}, {"model": "fantasydrag.draft", "pk": 1343, "fields": {"participant": 1, "queen": 7, "panel": 1, "round_selected": 3}}, {"model": "fantasydrag.draft", "pk": 1344, "fields": {"participant": 5, "queen": 13, "panel": 1, "round_selected": 3}}, {"model": "fantasydrag.draft", "pk": 1345, "fields": {"participant": 2, "queen": 13, "panel": 1, "round_selected": 3}}, {"model": "fantasydrag.draft", "pk": 1346, "fields": {"participant": 3, "queen": 10, "panel": 1, "round_selected": 4}}, {"model": "fantasydrag.draft", "pk": 1347, "fields": {"participant": 4, "queen": 8, "panel": 1, "round_selected": 4}}, {"model": "fantasydrag.draft", "pk": 1348, "fields": {"participant": 6, "queen": 7, "panel": 1, "round_selected": 4}}, {"model": "fantasydrag.draft", "pk": 1349, "fields": {"participant": 1, "queen": 12, "panel": 1, "round_selected": 4}}, {"model": "fantasydrag.draft", "pk": 1350, "fields": {"participant": 5, "queen": 8, "panel": 1, "round_selected": 4}}, {"model": "fantasydrag.draft", "pk": 1351, "fields": {"participant": 2, "queen": 6, "panel": 1, "round_selected": 4}}, {"model": "fantasydrag.wildcardqueen", "pk": 1, "fields": {"participant": 2, "queen": 157, "panel": 1}}, {"model": "fantasydrag.wildcardqueen", "pk": 2, "fields": {"participant": 2, "queen": 149, "panel": 1}}, {"model": "fantasydrag.wildcardqueen", "pk": 3, "fields": {"participant": 2, "queen": 125, "panel": 1}}, {"model": "fantasydrag.wildcardqueen", "pk": 4, "fields": {"participant": 2, "queen": 114, "panel": 1}}, {"model": "fantasydrag.wildcardqueen", "pk": 5, "fields": {"participant": 2, "queen": 59, "panel": 1}}, {"model": "fantasydrag.wildcardqueen", "pk": 6, "fields": {"participant": 5, "queen": 146, "panel": 1}}, {"model": "fantasydrag.wildcardqueen", "pk": 7, "fields": {"participant": 5, "queen": 134, "panel": 1}}, {"model": "fantasydrag.wildcardqueen", "pk": 8, "fields": {"participant": 5, "queen": 62, "panel": 1}}, {"model": "fantasydrag.wildcardqueen", "pk": 9, "fields": {"participant": 5, "queen": 58, "panel": 1}}, {"model": "fantasydrag.wildcardqueen", "pk": 10, "fields": {"participant": 5, "queen": 46, "panel": 1}}, {"model": "fantasydrag.wildcardqueen", "pk": 11, "fields": {"participant": 6, "queen": 158, "panel": 1}}, {"model": "fantasydrag.wildcardqueen", "pk": 12, "fields": {"participant": 6, "queen": 133, "panel": 1}}, {"model": "fantasydrag.wildcardqueen", "pk": 13, "fields": {"participant": 6, "queen": 96, "panel": 1}}, {"model": "fantasydrag.wildcardqueen", "pk": 14, "fields": {"participant": 6, "queen": 83, "panel": 1}}, {"model": "fantasydrag.wildcardqueen", "pk": 15, "fields": {"participant": 6, "queen": 24, "panel": 1}}, {"model": "fantasydrag.wildcardqueen", "pk": 16, "fields": {"participant": 1, "queen": 111, "panel": 1}}, {"model": "fantasydrag.wildcardqueen", "pk": 17, "fields": {"participant": 1, "queen": 100, "panel": 1}}, {"model": "fantasydrag.wildcardqueen", "pk": 18, "fields": {"participant": 1, "queen": 87, "panel": 1}}, {"model": "fantasydrag.wildcardqueen", "pk": 19, "fields": {"participant": 1, "queen": 85, "panel": 1}}, {"model": "fantasydrag.wildcardqueen", "pk": 20, "fields": {"participant": 1, "queen": 48, "panel": 1}}, {"model": "fantasydrag.wildcardqueen", "pk": 21, "fields": {"participant": 4, "queen": 150, "panel": 1}}, {"model": "fantasydrag.wildcardqueen", "pk": 22, "fields": {"participant": 4, "queen": 144, "panel": 1}}, {"model": "fantasydrag.wildcardqueen", "pk": 23, "fields": {"participant": 4, "queen": 123, "panel": 1}}, {"model": "fantasydrag.wildcardqueen", "pk": 24, "fields": {"participant": 4, "queen": 110, "panel": 1}}, {"model": "fantasydrag.wildcardqueen", "pk": 25, "fields": {"participant": 4, "queen": 33, "panel": 1}}, {"model": "fantasydrag.wildcardqueen", "pk": 26, "fields": {"participant": 3, "queen": 70, "panel": 1}}, {"model": "fantasydrag.wildcardqueen", "pk": 27, "fields": {"participant": 3, "queen": 74, "panel": 1}}, {"model": "fantasydrag.wildcardqueen", "pk": 28, "fields": {"participant": 3, "queen": 86, "panel": 1}}, {"model": "fantasydrag.wildcardqueen", "pk": 29, "fields": {"participant": 3, "queen": 135, "panel": 1}}, {"model": "fantasydrag.wildcardqueen", "pk": 30, "fields": {"participant": 3, "queen": 156, "panel": 1}}, {"model": "fantasydrag.appearancetype", "pk": 1, "fields": {"name": "Flashback", "point_value": "0.5", "description": "Queen appears in a flashback"}}, {"model": "fantasydrag.appearancetype", "pk": 2, "fields": {"name": "In-person", "point_value": "1.0", "description": "Queen appears on the show in-person or on a TV call"}}, {"model": "fantasydrag.appearancetype", "pk": 3, "fields": {"name": "Lip Sync Assassin", "point_value": "3.0", "description": "Queen appears as a lip sync assassin in a LSFYL(egacy)"}}, {"model": "fantasydrag.wildcardappearance", "pk": 1, "fields": {"queen": 135, "episode": 2, "appearance": 3}}, {"model": "fantasydrag.wildcardappearance", "pk": 2, "fields": {"queen": 93, "episode": 1, "appearance": 1}}, {"model": "fantasydrag.wildcardappearance", "pk": 3, "fields": {"queen": 100, "episode": 1, "appearance": 1}}, {"model": "fantasydrag.wildcardappearance", "pk": 4, "fields": {"queen": 61, "episode": 1, "appearance": 3}}, {"model": "fantasydrag.wildcardappearance", "pk": 5, "fields": {"queen": 76, "episode": 3, "appearance": 3}}, {"model": "fantasydrag.wildcardappearance", "pk": 6, "fields": {"queen": 49, "episode": 4, "appearance": 1}}, {"model": "fantasydrag.wildcardappearance", "pk": 7, "fields": {"queen": 123, "episode": 4, "appearance": 1}}, {"model": "fantasydrag.wildcardappearance", "pk": 8, "fields": {"queen": 23, "episode": 4, "appearance": 1}}, {"model": "fantasydrag.wildcardappearance", "pk": 9, "fields": {"queen": 70, "episode": 4, "appearance": 1}}, {"model": "fantasydrag.wildcardappearance", "pk": 10, "fields": {"queen": 27, "episode": 4, "appearance": 3}}]